barrio,n_activos,adr_mediana_ars,ocupacion_mediana_pct,noches_mediana,ingreso_anual_mediano_ars,n_unidades_enteras,adr_mediana_usd,ingreso_anual_mediano_usd,tc_ars_usd,snapshot,fecha_descarga
agronomia,20,79894.4,8.2,30.0,2919879.5,27,53.3,1947.0,1500,2026-06-29,2026-09-28
almagro,664,88624.8,16.4,60.0,5104990.5,928,59.1,3403.0,1500,2026-06-29,2026-09-28
balvanera,623,86256.0,13.7,50.0,4419846.0,905,57.5,2947.0,1500,2026-06-29,2026-09-28
barracas,126,106895.6,18.9,69.0,7047516.0,165,71.3,4698.0,1500,2026-06-29,2026-09-28
belgrano,983,110079.0,18.1,66.0,7509986.0,1346,73.4,5007.0,1500,2026-06-29,2026-09-28
boedo,48,75707.1,14.8,54.0,4803539.0,70,50.5,3202.0,1500,2026-06-29,2026-09-28
caballito,276,88491.0,19.2,70.0,6217227.0,410,59.0,4145.0,1500,2026-06-29,2026-09-28
chacarita,320,93738.2,19.7,72.0,7323679.0,421,62.5,4882.0,1500,2026-06-29,2026-09-28
coghlan,54,88728.9,17.3,63.0,5373479.0,91,59.2,3582.0,1500,2026-06-29,2026-09-28
colegiales,404,115859.0,17.8,65.0,7807883.5,599,77.2,5205.0,1500,2026-06-29,2026-09-28
constitucion,216,85846.9,17.0,62.0,4656623.0,315,57.2,3104.0,1500,2026-06-29,2026-09-28
flores,84,84993.4,12.3,45.0,3913500.0,111,56.7,2609.0,1500,2026-06-29,2026-09-28
floresta,9,103882.0,27.9,102.0,11220132.0,16,69.3,7480.0,1500,2026-06-29,2026-09-28
la boca,67,91224.7,11.5,42.0,4222980.0,99,60.8,2815.0,1500,2026-06-29,2026-09-28
la paternal,18,71566.6,9.9,36.0,2267001.5,27,47.7,1511.0,1500,2026-06-29,2026-09-28
liniers,17,81925.0,13.2,48.0,7963164.0,26,54.6,5309.0,1500,2026-06-29,2026-09-28
mataderos,10,88808.8,36.2,132.0,12106554.0,14,59.2,8071.0,1500,2026-06-29,2026-09-28
monserrat,903,90648.0,19.7,72.0,7087360.0,1189,60.4,4725.0,1500,2026-06-29,2026-09-28
monte castro,8,95617.8,22.2,81.0,8563782.0,15,63.7,5709.0,1500,2026-06-29,2026-09-28
nueva pompeya,5,70147.6,9.9,36.0,1995912.0,8,46.8,1331.0,1500,2026-06-29,2026-09-28
nunez,346,106371.4,19.7,72.0,8881440.0,494,70.9,5921.0,1500,2026-06-29,2026-09-28
palermo,7021,112222.1,24.7,90.0,10435500.0,9069,74.8,6957.0,1500,2026-06-29,2026-09-28
parque avellaneda,7,56860.0,8.2,30.0,2664317.0,10,37.9,1776.0,1500,2026-06-29,2026-09-28
parque chacabuco,34,79911.7,18.9,69.0,5510694.0,48,53.3,3674.0,1500,2026-06-29,2026-09-28
parque chas,33,78924.0,14.8,54.0,4326078.0,45,52.6,2884.0,1500,2026-06-29,2026-09-28
parque patricios,35,77769.2,16.4,60.0,4470696.0,56,51.8,2980.0,1500,2026-06-29,2026-09-28
puerto madero,293,204067.5,19.7,72.0,15719880.0,407,136.0,10480.0,1500,2026-06-29,2026-09-28
recoleta,2876,109996.0,21.4,78.0,8538096.0,3884,73.3,5692.0,1500,2026-06-29,2026-09-28
retiro,964,100239.3,19.7,72.0,7855442.0,1376,66.8,5237.0,1500,2026-06-29,2026-09-28
saavedra,106,93822.0,19.2,70.0,5939403.0,158,62.5,3960.0,1500,2026-06-29,2026-09-28
san cristobal,96,82106.1,13.2,48.0,3850925.5,131,54.7,2567.0,1500,2026-06-29,2026-09-28
san nicolas,1638,93487.6,24.7,90.0,8493924.0,2110,62.3,5663.0,1500,2026-06-29,2026-09-28
san telmo,516,97875.8,20.5,75.0,7697494.5,678,65.3,5132.0,1500,2026-06-29,2026-09-28
velez sarsfield,8,80488.0,9.0,33.0,2804892.0,14,53.7,1870.0,1500,2026-06-29,2026-09-28
villa crespo,644,95558.8,21.4,78.0,7376664.0,852,63.7,4918.0,1500,2026-06-29,2026-09-28
villa del parque,72,107992.0,12.3,45.0,4754652.0,94,72.0,3170.0,1500,2026-06-29,2026-09-28
villa devoto,60,102272.4,21.6,79.0,8068080.0,92,68.2,5379.0,1500,2026-06-29,2026-09-28
villa gral. mitre,14,72705.0,14.0,51.0,4603862.0,28,48.5,3069.0,1500,2026-06-29,2026-09-28
villa lugano,1,59514.0,6.6,24.0,1428336.0,4,39.7,952.0,1500,2026-06-29,2026-09-28
villa luro,16,92445.8,13.2,48.0,3722287.0,25,61.6,2482.0,1500,2026-06-29,2026-09-28
villa ortuzar,50,88334.2,19.7,72.0,5388962.0,78,58.9,3593.0,1500,2026-06-29,2026-09-28
villa pueyrredon,23,79894.3,19.7,72.0,5569744.0,33,53.3,3713.0,1500,2026-06-29,2026-09-28
villa riachuelo,1,103981.0,8.2,30.0,3119430.0,1,69.3,2080.0,1500,2026-06-29,2026-09-28
villa santa rita,14,78333.0,14.8,54.0,4230264.0,25,52.2,2820.0,1500,2026-06-29,2026-09-28
villa soldati,1,101990.0,44.4,162.0,16522380.0,1,68.0,11015.0,1500,2026-06-29,2026-09-28
villa urquiza,201,94660.0,18.1,66.0,6511254.0,293,63.1,4341.0,1500,2026-06-29,2026-09-28
