barrio,dormitorios,n_activos,adr_mediana_ars,ocupacion_mediana_pct,noches_mediana,ingreso_anual_mediano_ars,adr_mediana_usd,ingreso_anual_mediano_usd,tc_ars_usd,snapshot,fecha_descarga
agronomia,s/d,4,87462.7,5.8,21.0,1645247.0,58.3,1097.0,1500,2026-06-29,2026-09-28
agronomia,0-1,15,76493.3,8.2,30.0,3188059.0,51.0,2125.0,1500,2026-06-29,2026-09-28
agronomia,3+,1,172042.5,11.0,40.0,6881700.0,114.7,4588.0,1500,2026-06-29,2026-09-28
almagro,s/d,95,92690.4,16.4,60.0,4752022.0,61.8,3168.0,1500,2026-06-29,2026-09-28
almagro,0-1,457,85205.0,16.4,60.0,4643984.0,56.8,3096.0,1500,2026-06-29,2026-09-28
almagro,2,95,118579.3,16.4,60.0,6751548.0,79.1,4501.0,1500,2026-06-29,2026-09-28
almagro,3+,17,211684.0,14.8,54.0,14958048.0,141.1,9972.0,1500,2026-06-29,2026-09-28
balvanera,s/d,85,86081.0,18.1,66.0,4673394.0,57.4,3116.0,1500,2026-06-29,2026-09-28
balvanera,0-1,408,81356.8,13.2,48.0,4063881.0,54.2,2709.0,1500,2026-06-29,2026-09-28
balvanera,2,93,116652.0,14.8,54.0,6065940.0,77.8,4044.0,1500,2026-06-29,2026-09-28
balvanera,3+,37,202838.5,14.8,54.0,15234462.0,135.2,10156.0,1500,2026-06-29,2026-09-28
barracas,s/d,8,122442.3,10.1,37.0,5501073.0,81.6,3667.0,1500,2026-06-29,2026-09-28
barracas,0-1,91,95680.0,19.7,72.0,7062768.0,63.8,4709.0,1500,2026-06-29,2026-09-28
barracas,2,21,146505.5,21.4,78.0,7032264.0,97.7,4688.0,1500,2026-06-29,2026-09-28
barracas,3+,6,275852.3,18.4,67.0,24639632.0,183.9,16426.0,1500,2026-06-29,2026-09-28
belgrano,s/d,132,103985.0,21.4,78.0,7228962.0,69.3,4819.0,1500,2026-06-29,2026-09-28
belgrano,0-1,659,102456.1,18.1,66.0,6667289.5,68.3,4445.0,1500,2026-06-29,2026-09-28
belgrano,2,143,156582.3,14.8,54.0,10462553.0,104.4,6975.0,1500,2026-06-29,2026-09-28
belgrano,3+,49,232602.1,17.5,64.0,17678264.0,155.1,11786.0,1500,2026-06-29,2026-09-28
boedo,s/d,8,74918.2,23.0,84.0,6891463.0,49.9,4594.0,1500,2026-06-29,2026-09-28
boedo,0-1,30,71215.2,12.3,45.0,2930526.0,47.5,1954.0,1500,2026-06-29,2026-09-28
boedo,2,9,135132.3,14.8,54.0,6425190.0,90.1,4283.0,1500,2026-06-29,2026-09-28
boedo,3+,1,451257.5,16.4,60.0,27075450.0,300.8,18050.0,1500,2026-06-29,2026-09-28
caballito,s/d,38,91205.6,20.5,75.0,6489372.0,60.8,4326.0,1500,2026-06-29,2026-09-28
caballito,0-1,192,84057.8,19.7,72.0,5963263.0,56.0,3976.0,1500,2026-06-29,2026-09-28
caballito,2,37,118990.0,13.2,48.0,5564512.0,79.3,3710.0,1500,2026-06-29,2026-09-28
caballito,3+,9,214196.4,24.7,90.0,24783408.0,142.8,16522.0,1500,2026-06-29,2026-09-28
chacarita,s/d,66,85360.8,31.2,114.0,7981475.5,56.9,5321.0,1500,2026-06-29,2026-09-28
chacarita,0-1,210,91087.8,18.1,66.0,6572028.0,60.7,4381.0,1500,2026-06-29,2026-09-28
chacarita,2,38,149777.8,11.5,42.0,7151642.0,99.9,4768.0,1500,2026-06-29,2026-09-28
chacarita,3+,6,223725.8,11.5,42.0,15121997.0,149.2,10081.0,1500,2026-06-29,2026-09-28
coghlan,s/d,10,115684.9,19.7,72.0,7145090.0,77.1,4763.0,1500,2026-06-29,2026-09-28
coghlan,0-1,40,78832.3,15.6,57.0,4766604.0,52.6,3178.0,1500,2026-06-29,2026-09-28
coghlan,2,4,80885.9,39.5,144.0,12623640.5,53.9,8416.0,1500,2026-06-29,2026-09-28
colegiales,s/d,53,92069.5,26.3,96.0,8379219.0,61.4,5586.0,1500,2026-06-29,2026-09-28
colegiales,0-1,258,104762.8,17.5,64.0,7055950.5,69.8,4704.0,1500,2026-06-29,2026-09-28
colegiales,2,74,152172.0,11.5,42.0,8731005.0,101.4,5821.0,1500,2026-06-29,2026-09-28
colegiales,3+,19,314115.0,13.2,48.0,12315435.0,209.4,8210.0,1500,2026-06-29,2026-09-28
constitucion,s/d,25,81078.0,34.5,126.0,8199492.0,54.1,5466.0,1500,2026-06-29,2026-09-28
constitucion,0-1,167,84519.0,13.2,48.0,4009680.0,56.3,2673.0,1500,2026-06-29,2026-09-28
constitucion,2,19,115589.0,18.1,66.0,5197984.0,77.1,3465.0,1500,2026-06-29,2026-09-28
constitucion,3+,5,120750.8,19.7,72.0,11083788.0,80.5,7389.0,1500,2026-06-29,2026-09-28
flores,s/d,5,67998.0,57.5,210.0,12134813.0,45.3,8090.0,1500,2026-06-29,2026-09-28
flores,0-1,66,82148.5,12.3,45.0,3603633.0,54.8,2402.0,1500,2026-06-29,2026-09-28
flores,2,9,130320.3,8.2,30.0,3267552.0,86.9,2178.0,1500,2026-06-29,2026-09-28
flores,3+,4,242062.5,55.9,204.0,49380750.0,161.4,32920.0,1500,2026-06-29,2026-09-28
floresta,s/d,2,82056.4,34.5,126.0,10507626.0,54.7,7005.0,1500,2026-06-29,2026-09-28
floresta,0-1,5,103882.0,27.9,102.0,11220132.0,69.3,7480.0,1500,2026-06-29,2026-09-28
floresta,2,1,84993.4,8.2,30.0,2549801.0,56.7,1700.0,1500,2026-06-29,2026-09-28
floresta,3+,1,253026.3,19.7,72.0,18217896.0,168.7,12145.0,1500,2026-06-29,2026-09-28
la boca,s/d,3,59061.2,13.2,48.0,2529721.0,39.4,1686.0,1500,2026-06-29,2026-09-28
la boca,0-1,48,89241.3,11.5,42.0,4253238.0,59.5,2835.0,1500,2026-06-29,2026-09-28
la boca,2,13,93491.5,9.9,36.0,3827322.0,62.3,2552.0,1500,2026-06-29,2026-09-28
la boca,3+,3,98593.0,17.5,64.0,4998864.0,65.7,3333.0,1500,2026-06-29,2026-09-28
la paternal,s/d,2,56663.4,9.9,36.0,2021222.0,37.8,1347.0,1500,2026-06-29,2026-09-28
la paternal,0-1,12,71566.6,12.6,46.0,2938990.0,47.7,1959.0,1500,2026-06-29,2026-09-28
la paternal,2,4,98242.4,5.8,21.0,2195895.0,65.5,1464.0,1500,2026-06-29,2026-09-28
liniers,s/d,5,73613.5,13.2,48.0,5433888.0,49.1,3623.0,1500,2026-06-29,2026-09-28
liniers,0-1,8,77508.5,11.5,42.0,8537136.0,51.7,5691.0,1500,2026-06-29,2026-09-28
liniers,2,4,105831.1,17.3,63.0,7039935.0,70.6,4693.0,1500,2026-06-29,2026-09-28
mataderos,0-1,8,88808.8,41.1,150.0,13343656.5,59.2,8896.0,1500,2026-06-29,2026-09-28
mataderos,2,1,74793.0,30.1,110.0,8227230.0,49.9,5485.0,1500,2026-06-29,2026-09-28
mataderos,3+,1,123237.5,31.2,114.0,14049075.0,82.2,9366.0,1500,2026-06-29,2026-09-28
monserrat,s/d,160,84762.8,24.7,90.0,6870570.0,56.5,4580.0,1500,2026-06-29,2026-09-28
monserrat,0-1,601,84708.0,18.1,66.0,5842755.0,56.5,3895.0,1500,2026-06-29,2026-09-28
monserrat,2,109,133797.6,29.6,108.0,12494358.0,89.2,8330.0,1500,2026-06-29,2026-09-28
monserrat,3+,33,214272.5,29.6,108.0,22095173.0,142.8,14730.0,1500,2026-06-29,2026-09-28
monte castro,0-1,6,93115.5,18.9,69.0,5329109.0,62.1,3553.0,1500,2026-06-29,2026-09-28
monte castro,2,2,114739.8,46.4,169.5,16905083.5,76.5,11270.0,1500,2026-06-29,2026-09-28
nueva pompeya,0-1,4,64206.1,8.2,30.0,1977078.0,42.8,1318.0,1500,2026-06-29,2026-09-28
nueva pompeya,2,1,120690.5,59.2,216.0,26069148.0,80.5,17379.0,1500,2026-06-29,2026-09-28
nunez,s/d,43,89977.3,37.8,138.0,12965342.0,60.0,8644.0,1500,2026-06-29,2026-09-28
nunez,0-1,238,101723.7,18.6,68.0,7092074.0,67.8,4728.0,1500,2026-06-29,2026-09-28
nunez,2,55,152246.4,19.2,70.0,11954460.0,101.5,7970.0,1500,2026-06-29,2026-09-28
nunez,3+,10,242916.4,17.3,63.0,13497207.5,161.9,8998.0,1500,2026-06-29,2026-09-28
palermo,s/d,1224,101683.2,31.2,114.0,11479271.5,67.8,7653.0,1500,2026-06-29,2026-09-28
palermo,0-1,4464,104268.8,23.0,84.0,8859312.0,69.5,5906.0,1500,2026-06-29,2026-09-28
palermo,2,998,175643.9,24.7,90.0,15105405.0,117.1,10070.0,1500,2026-06-29,2026-09-28
palermo,3+,335,321749.3,24.7,90.0,27128399.0,214.5,18086.0,1500,2026-06-29,2026-09-28
parque avellaneda,s/d,1,62047.0,8.2,30.0,1861410.0,41.4,1241.0,1500,2026-06-29,2026-09-28
parque avellaneda,0-1,5,56860.0,8.2,30.0,2664317.0,37.9,1776.0,1500,2026-06-29,2026-09-28
parque avellaneda,2,1,55469.5,31.8,116.0,6434459.0,37.0,4290.0,1500,2026-06-29,2026-09-28
parque chacabuco,0-1,26,70315.7,17.3,63.0,4648865.0,46.9,3099.0,1500,2026-06-29,2026-09-28
parque chacabuco,2,8,144646.0,23.0,84.0,9597798.0,96.4,6399.0,1500,2026-06-29,2026-09-28
parque chas,s/d,6,65021.9,21.4,78.0,5011189.5,43.3,3341.0,1500,2026-06-29,2026-09-28
parque chas,0-1,23,78924.0,14.8,54.0,4326078.0,52.6,2884.0,1500,2026-06-29,2026-09-28
parque chas,2,2,115145.8,19.2,70.0,6384388.5,76.8,4256.0,1500,2026-06-29,2026-09-28
parque chas,3+,2,103466.8,17.5,64.0,8918881.5,69.0,5946.0,1500,2026-06-29,2026-09-28
parque patricios,s/d,2,79846.5,6.6,24.0,1783158.0,53.2,1189.0,1500,2026-06-29,2026-09-28
parque patricios,0-1,31,74795.0,19.7,72.0,4661616.0,49.9,3108.0,1500,2026-06-29,2026-09-28
parque patricios,2,1,203978.2,13.2,48.0,9790956.0,136.0,6527.0,1500,2026-06-29,2026-09-28
parque patricios,3+,1,200320.0,3.3,12.0,2403840.0,133.5,1603.0,1500,2026-06-29,2026-09-28
puerto madero,s/d,30,129466.0,37.0,135.0,18509637.0,86.3,12340.0,1500,2026-06-29,2026-09-28
puerto madero,0-1,182,187829.1,17.5,64.0,12152699.0,125.2,8102.0,1500,2026-06-29,2026-09-28
puerto madero,2,68,254712.0,31.8,116.0,28653301.5,169.8,19102.0,1500,2026-06-29,2026-09-28
puerto madero,3+,13,422769.7,18.1,66.0,26314878.0,281.8,17543.0,1500,2026-06-29,2026-09-28
recoleta,s/d,368,97440.7,23.0,84.0,7883505.0,65.0,5256.0,1500,2026-06-29,2026-09-28
recoleta,0-1,1820,100893.0,19.7,72.0,7451246.0,67.3,4967.0,1500,2026-06-29,2026-09-28
recoleta,2,487,161008.7,21.4,78.0,12054665.0,107.3,8036.0,1500,2026-06-29,2026-09-28
recoleta,3+,201,236514.3,21.4,78.0,19368171.0,157.7,12912.0,1500,2026-06-29,2026-09-28
retiro,s/d,130,88560.0,25.5,93.0,8452772.0,59.0,5635.0,1500,2026-06-29,2026-09-28
retiro,0-1,602,88409.8,19.2,70.0,6477368.0,58.9,4318.0,1500,2026-06-29,2026-09-28
retiro,2,164,146263.5,23.0,84.0,12805490.0,97.5,8537.0,1500,2026-06-29,2026-09-28
retiro,3+,68,234533.8,21.4,78.0,19776390.0,156.4,13184.0,1500,2026-06-29,2026-09-28
saavedra,s/d,16,91902.8,41.6,152.0,10527142.5,61.3,7018.0,1500,2026-06-29,2026-09-28
saavedra,0-1,74,84685.5,17.8,65.0,5188976.0,56.5,3459.0,1500,2026-06-29,2026-09-28
saavedra,2,11,134059.0,16.4,60.0,5723766.0,89.4,3816.0,1500,2026-06-29,2026-09-28
saavedra,3+,5,408541.8,11.5,42.0,21501720.0,272.4,14334.0,1500,2026-06-29,2026-09-28
san cristobal,s/d,10,68816.4,25.5,93.0,5966813.0,45.9,3978.0,1500,2026-06-29,2026-09-28
san cristobal,0-1,69,78199.5,13.2,48.0,3753059.0,52.1,2502.0,1500,2026-06-29,2026-09-28
san cristobal,2,13,118122.5,8.2,30.0,3565590.0,78.7,2377.0,1500,2026-06-29,2026-09-28
san cristobal,3+,4,199906.9,12.3,45.0,7016429.0,133.3,4678.0,1500,2026-06-29,2026-09-28
san nicolas,s/d,215,86622.9,16.4,60.0,5362357.0,57.7,3575.0,1500,2026-06-29,2026-09-28
san nicolas,0-1,1028,85443.2,26.3,96.0,7754376.0,57.0,5170.0,1500,2026-06-29,2026-09-28
san nicolas,2,289,140910.0,26.3,96.0,12767602.5,93.9,8512.0,1500,2026-06-29,2026-09-28
san nicolas,3+,106,236259.8,23.0,84.0,23238052.5,157.5,15492.0,1500,2026-06-29,2026-09-28
san telmo,s/d,63,91012.0,18.1,66.0,5695488.0,60.7,3797.0,1500,2026-06-29,2026-09-28
san telmo,0-1,335,91904.1,23.0,84.0,7311888.0,61.3,4875.0,1500,2026-06-29,2026-09-28
san telmo,2,91,115505.7,19.2,70.0,7960050.0,77.0,5307.0,1500,2026-06-29,2026-09-28
san telmo,3+,27,216257.3,18.1,66.0,15264000.0,144.2,10176.0,1500,2026-06-29,2026-09-28
velez sarsfield,0-1,5,59493.0,9.9,36.0,1999104.0,39.7,1333.0,1500,2026-06-29,2026-09-28
velez sarsfield,2,3,120356.0,8.2,30.0,3610680.0,80.2,2407.0,1500,2026-06-29,2026-09-28
villa crespo,s/d,99,87135.1,21.4,78.0,7314720.0,58.1,4876.0,1500,2026-06-29,2026-09-28
villa crespo,0-1,434,91379.5,19.7,72.0,6029037.0,60.9,4019.0,1500,2026-06-29,2026-09-28
villa crespo,2,93,139224.0,32.9,120.0,17212500.0,92.8,11475.0,1500,2026-06-29,2026-09-28
villa crespo,3+,18,273467.5,13.2,48.0,9725664.0,182.3,6484.0,1500,2026-06-29,2026-09-28
villa del parque,s/d,18,113206.0,6.6,24.0,2565003.0,75.5,1710.0,1500,2026-06-29,2026-09-28
villa del parque,0-1,46,86353.0,13.2,48.0,4692580.5,57.6,3128.0,1500,2026-06-29,2026-09-28
villa del parque,2,5,135988.0,29.6,108.0,9362682.0,90.7,6242.0,1500,2026-06-29,2026-09-28
villa del parque,3+,3,405768.1,11.5,42.0,17042259.0,270.5,11362.0,1500,2026-06-29,2026-09-28
villa devoto,s/d,7,78757.2,32.9,120.0,13459410.0,52.5,8973.0,1500,2026-06-29,2026-09-28
villa devoto,0-1,40,85840.9,20.5,75.0,6898241.0,57.2,4599.0,1500,2026-06-29,2026-09-28
villa devoto,2,10,141952.8,14.2,52.0,9230232.0,94.6,6153.0,1500,2026-06-29,2026-09-28
villa devoto,3+,3,265436.7,21.4,78.0,20704062.0,177.0,13803.0,1500,2026-06-29,2026-09-28
villa gral. mitre,0-1,12,68180.0,18.1,66.0,4603862.0,45.5,3069.0,1500,2026-06-29,2026-09-28
villa gral. mitre,2,1,115999.0,11.5,42.0,4871959.0,77.3,3248.0,1500,2026-06-29,2026-09-28
villa gral. mitre,3+,1,181317.2,1.6,6.0,1087903.0,120.9,725.0,1500,2026-06-29,2026-09-28
villa lugano,2,1,59514.0,6.6,24.0,1428336.0,39.7,952.0,1500,2026-06-29,2026-09-28
villa luro,0-1,13,75808.0,13.2,48.0,3670904.0,50.5,2447.0,1500,2026-06-29,2026-09-28
villa luro,2,2,103072.5,49.7,181.5,17724927.0,68.7,11817.0,1500,2026-06-29,2026-09-28
villa luro,3+,1,105548.3,8.2,30.0,3166450.0,70.4,2111.0,1500,2026-06-29,2026-09-28
villa ortuzar,s/d,3,102838.5,23.0,84.0,7404372.0,68.6,4936.0,1500,2026-06-29,2026-09-28
villa ortuzar,0-1,42,84716.3,18.1,66.0,4533480.0,56.5,3022.0,1500,2026-06-29,2026-09-28
villa ortuzar,2,4,88334.2,27.9,102.0,9753777.5,58.9,6503.0,1500,2026-06-29,2026-09-28
villa ortuzar,3+,1,380758.0,69.9,255.0,97093290.0,253.8,64729.0,1500,2026-06-29,2026-09-28
villa pueyrredon,s/d,4,64759.9,18.6,68.0,5049044.0,43.2,3366.0,1500,2026-06-29,2026-09-28
villa pueyrredon,0-1,15,79894.3,19.7,72.0,5996904.0,53.3,3998.0,1500,2026-06-29,2026-09-28
villa pueyrredon,2,3,93489.0,11.5,42.0,3107720.0,62.3,2072.0,1500,2026-06-29,2026-09-28
villa pueyrredon,3+,1,154682.0,21.4,78.0,12065196.0,103.1,8043.0,1500,2026-06-29,2026-09-28
villa riachuelo,0-1,1,103981.0,8.2,30.0,3119430.0,69.3,2080.0,1500,2026-06-29,2026-09-28
villa santa rita,s/d,1,59379.7,3.8,14.0,831316.0,39.6,554.0,1500,2026-06-29,2026-09-28
villa santa rita,0-1,12,78333.0,21.4,78.0,6486400.0,52.2,4324.0,1500,2026-06-29,2026-09-28
villa santa rita,2,1,94756.0,6.6,24.0,2274144.0,63.2,1516.0,1500,2026-06-29,2026-09-28
villa soldati,0-1,1,101990.0,44.4,162.0,16522380.0,68.0,11015.0,1500,2026-06-29,2026-09-28
villa urquiza,s/d,31,88955.7,19.7,72.0,6237000.0,59.3,4158.0,1500,2026-06-29,2026-09-28
villa urquiza,0-1,141,93484.0,18.1,66.0,6150114.0,62.3,4100.0,1500,2026-06-29,2026-09-28
villa urquiza,2,23,129592.0,14.8,54.0,6511254.0,86.4,4341.0,1500,2026-06-29,2026-09-28
villa urquiza,3+,6,219602.0,31.0,113.0,24827130.0,146.4,16551.0,1500,2026-06-29,2026-09-28
