comuna,viviendas,departamentos,pct_departamentos_ciudad,fuente,fecha_descarga
1,104984,80674,7.87,"INDEC, Censo 2022, via IDECBA",2026-09-28
2,83038,80171,7.82,"INDEC, Censo 2022, via IDECBA",2026-09-28
3,91391,76741,7.48,"INDEC, Censo 2022, via IDECBA",2026-09-28
4,90018,49814,4.86,"INDEC, Censo 2022, via IDECBA",2026-09-28
5,92166,76327,7.44,"INDEC, Censo 2022, via IDECBA",2026-09-28
6,94566,81963,7.99,"INDEC, Censo 2022, via IDECBA",2026-09-28
7,89905,60820,5.93,"INDEC, Censo 2022, via IDECBA",2026-09-28
8,69286,27856,2.72,"INDEC, Censo 2022, via IDECBA",2026-09-28
9,65918,29285,2.86,"INDEC, Censo 2022, via IDECBA",2026-09-28
10,73305,40273,3.93,"INDEC, Censo 2022, via IDECBA",2026-09-28
11,86950,52699,5.14,"INDEC, Censo 2022, via IDECBA",2026-09-28
12,107094,73538,7.17,"INDEC, Censo 2022, via IDECBA",2026-09-28
13,126307,112534,10.98,"INDEC, Censo 2022, via IDECBA",2026-09-28
14,126532,117637,11.47,"INDEC, Censo 2022, via IDECBA",2026-09-28
15,89798,64964,6.34,"INDEC, Censo 2022, via IDECBA",2026-09-28
