mes,compraventas,hipotecas,pct_con_hipoteca,monto_compraventas_ars,monto_promedio_usd,fuente,url,fecha_descarga
2002-01,1678,145,8.6,118528312.0,,IDECBA sobre datos del Colegio de Escribanos,https://www.estadisticaciudad.gob.ar/eyc/wp-content/uploads/2026/06/EE_IS_MI_AN_M07.xlsx,2026-09-28
2002-02,1557,121,7.8,101382420.0,,IDECBA sobre datos del Colegio de Escribanos,https://www.estadisticaciudad.gob.ar/eyc/wp-content/uploads/2026/06/EE_IS_MI_AN_M07.xlsx,2026-09-28
2002-03,3434,179,5.2,247766104.0,,IDECBA sobre datos del Colegio de Escribanos,https://www.estadisticaciudad.gob.ar/eyc/wp-content/uploads/2026/06/EE_IS_MI_AN_M07.xlsx,2026-09-28
2002-04,8035,161,2.0,617514567.0,,IDECBA sobre datos del Colegio de Escribanos,https://www.estadisticaciudad.gob.ar/eyc/wp-content/uploads/2026/06/EE_IS_MI_AN_M07.xlsx,2026-09-28
2002-05,8098,164,2.0,635368018.0,,IDECBA sobre datos del Colegio de Escribanos,https://www.estadisticaciudad.gob.ar/eyc/wp-content/uploads/2026/06/EE_IS_MI_AN_M07.xlsx,2026-09-28
2002-06,3548,172,4.8,263295240.0,,IDECBA sobre datos del Colegio de Escribanos,https://www.estadisticaciudad.gob.ar/eyc/wp-content/uploads/2026/06/EE_IS_MI_AN_M07.xlsx,2026-09-28
2002-07,4308,187,4.3,346227306.0,,IDECBA sobre datos del Colegio de Escribanos,https://www.estadisticaciudad.gob.ar/eyc/wp-content/uploads/2026/06/EE_IS_MI_AN_M07.xlsx,2026-09-28
2002-08,4380,223,5.1,339824218.0,,IDECBA sobre datos del Colegio de Escribanos,https://www.estadisticaciudad.gob.ar/eyc/wp-content/uploads/2026/06/EE_IS_MI_AN_M07.xlsx,2026-09-28
2002-09,4580,241,5.3,367792373.0,,IDECBA sobre datos del Colegio de Escribanos,https://www.estadisticaciudad.gob.ar/eyc/wp-content/uploads/2026/06/EE_IS_MI_AN_M07.xlsx,2026-09-28
2002-10,5048,280,5.5,396438330.0,,IDECBA sobre datos del Colegio de Escribanos,https://www.estadisticaciudad.gob.ar/eyc/wp-content/uploads/2026/06/EE_IS_MI_AN_M07.xlsx,2026-09-28
2002-11,5148,326,6.3,415541458.0,,IDECBA sobre datos del Colegio de Escribanos,https://www.estadisticaciudad.gob.ar/eyc/wp-content/uploads/2026/06/EE_IS_MI_AN_M07.xlsx,2026-09-28
2002-12,6474,290,4.5,557812498.0,,IDECBA sobre datos del Colegio de Escribanos,https://www.estadisticaciudad.gob.ar/eyc/wp-content/uploads/2026/06/EE_IS_MI_AN_M07.xlsx,2026-09-28
2003-01,3527,170,4.8,286094901.2,,IDECBA sobre datos del Colegio de Escribanos,https://www.estadisticaciudad.gob.ar/eyc/wp-content/uploads/2026/06/EE_IS_MI_AN_M07.xlsx,2026-09-28
2003-02,3447,191,5.5,278725884.61,,IDECBA sobre datos del Colegio de Escribanos,https://www.estadisticaciudad.gob.ar/eyc/wp-content/uploads/2026/06/EE_IS_MI_AN_M07.xlsx,2026-09-28
2003-03,4612,248,5.4,382255568.24,,IDECBA sobre datos del Colegio de Escribanos,https://www.estadisticaciudad.gob.ar/eyc/wp-content/uploads/2026/06/EE_IS_MI_AN_M07.xlsx,2026-09-28
2003-04,5739,268,4.7,465352985.7,,IDECBA sobre datos del Colegio de Escribanos,https://www.estadisticaciudad.gob.ar/eyc/wp-content/uploads/2026/06/EE_IS_MI_AN_M07.xlsx,2026-09-28
2003-05,5716,283,5.0,483795659.63,,IDECBA sobre datos del Colegio de Escribanos,https://www.estadisticaciudad.gob.ar/eyc/wp-content/uploads/2026/06/EE_IS_MI_AN_M07.xlsx,2026-09-28
2003-06,5046,308,6.1,449533083.73,,IDECBA sobre datos del Colegio de Escribanos,https://www.estadisticaciudad.gob.ar/eyc/wp-content/uploads/2026/06/EE_IS_MI_AN_M07.xlsx,2026-09-28
2003-07,5759,277,4.8,470973535.75,,IDECBA sobre datos del Colegio de Escribanos,https://www.estadisticaciudad.gob.ar/eyc/wp-content/uploads/2026/06/EE_IS_MI_AN_M07.xlsx,2026-09-28
2003-08,5121,315,6.2,448661199.99,,IDECBA sobre datos del Colegio de Escribanos,https://www.estadisticaciudad.gob.ar/eyc/wp-content/uploads/2026/06/EE_IS_MI_AN_M07.xlsx,2026-09-28
2003-09,5506,378,6.9,495443291.12,,IDECBA sobre datos del Colegio de Escribanos,https://www.estadisticaciudad.gob.ar/eyc/wp-content/uploads/2026/06/EE_IS_MI_AN_M07.xlsx,2026-09-28
2003-10,5658,401,7.1,541460416.96,,IDECBA sobre datos del Colegio de Escribanos,https://www.estadisticaciudad.gob.ar/eyc/wp-content/uploads/2026/06/EE_IS_MI_AN_M07.xlsx,2026-09-28
2003-11,4767,408,8.6,492698912.69,,IDECBA sobre datos del Colegio de Escribanos,https://www.estadisticaciudad.gob.ar/eyc/wp-content/uploads/2026/06/EE_IS_MI_AN_M07.xlsx,2026-09-28
2003-12,6457,557,8.6,599587777.07,,IDECBA sobre datos del Colegio de Escribanos,https://www.estadisticaciudad.gob.ar/eyc/wp-content/uploads/2026/06/EE_IS_MI_AN_M07.xlsx,2026-09-28
2004-01,3206,337,10.5,336928676.65,,IDECBA sobre datos del Colegio de Escribanos,https://www.estadisticaciudad.gob.ar/eyc/wp-content/uploads/2026/06/EE_IS_MI_AN_M07.xlsx,2026-09-28
2004-02,3284,435,13.2,324910253.44,,IDECBA sobre datos del Colegio de Escribanos,https://www.estadisticaciudad.gob.ar/eyc/wp-content/uploads/2026/06/EE_IS_MI_AN_M07.xlsx,2026-09-28
2004-03,5152,564,10.9,539974009.89,,IDECBA sobre datos del Colegio de Escribanos,https://www.estadisticaciudad.gob.ar/eyc/wp-content/uploads/2026/06/EE_IS_MI_AN_M07.xlsx,2026-09-28
2004-04,4983,531,10.7,534356819.86,,IDECBA sobre datos del Colegio de Escribanos,https://www.estadisticaciudad.gob.ar/eyc/wp-content/uploads/2026/06/EE_IS_MI_AN_M07.xlsx,2026-09-28
2004-05,5262,625,11.9,529962472.2,,IDECBA sobre datos del Colegio de Escribanos,https://www.estadisticaciudad.gob.ar/eyc/wp-content/uploads/2026/06/EE_IS_MI_AN_M07.xlsx,2026-09-28
2004-06,5495,631,11.5,660698396.48,,IDECBA sobre datos del Colegio de Escribanos,https://www.estadisticaciudad.gob.ar/eyc/wp-content/uploads/2026/06/EE_IS_MI_AN_M07.xlsx,2026-09-28
2004-07,5384,687,12.8,586483741.1,,IDECBA sobre datos del Colegio de Escribanos,https://www.estadisticaciudad.gob.ar/eyc/wp-content/uploads/2026/06/EE_IS_MI_AN_M07.xlsx,2026-09-28
2004-08,5235,742,14.2,578453606.85,,IDECBA sobre datos del Colegio de Escribanos,https://www.estadisticaciudad.gob.ar/eyc/wp-content/uploads/2026/06/EE_IS_MI_AN_M07.xlsx,2026-09-28
2004-09,5524,775,14.0,632097331.48,,IDECBA sobre datos del Colegio de Escribanos,https://www.estadisticaciudad.gob.ar/eyc/wp-content/uploads/2026/06/EE_IS_MI_AN_M07.xlsx,2026-09-28
2004-10,4667,616,13.2,539089328.4,,IDECBA sobre datos del Colegio de Escribanos,https://www.estadisticaciudad.gob.ar/eyc/wp-content/uploads/2026/06/EE_IS_MI_AN_M07.xlsx,2026-09-28
2004-11,5840,827,14.2,661051120.61,,IDECBA sobre datos del Colegio de Escribanos,https://www.estadisticaciudad.gob.ar/eyc/wp-content/uploads/2026/06/EE_IS_MI_AN_M07.xlsx,2026-09-28
2004-12,7186,981,13.7,829796190.51,,IDECBA sobre datos del Colegio de Escribanos,https://www.estadisticaciudad.gob.ar/eyc/wp-content/uploads/2026/06/EE_IS_MI_AN_M07.xlsx,2026-09-28
2005-01,3537,587,16.6,439396377.4,,IDECBA sobre datos del Colegio de Escribanos,https://www.estadisticaciudad.gob.ar/eyc/wp-content/uploads/2026/06/EE_IS_MI_AN_M07.xlsx,2026-09-28
2005-02,3755,583,15.5,452700357.22,,IDECBA sobre datos del Colegio de Escribanos,https://www.estadisticaciudad.gob.ar/eyc/wp-content/uploads/2026/06/EE_IS_MI_AN_M07.xlsx,2026-09-28
2005-03,5186,733,14.1,629525210.35,,IDECBA sobre datos del Colegio de Escribanos,https://www.estadisticaciudad.gob.ar/eyc/wp-content/uploads/2026/06/EE_IS_MI_AN_M07.xlsx,2026-09-28
2005-04,5823,777,13.3,706377688.17,,IDECBA sobre datos del Colegio de Escribanos,https://www.estadisticaciudad.gob.ar/eyc/wp-content/uploads/2026/06/EE_IS_MI_AN_M07.xlsx,2026-09-28
2005-05,6014,742,12.3,784806175.29,,IDECBA sobre datos del Colegio de Escribanos,https://www.estadisticaciudad.gob.ar/eyc/wp-content/uploads/2026/06/EE_IS_MI_AN_M07.xlsx,2026-09-28
2005-06,5994,907,15.1,832790801.03,,IDECBA sobre datos del Colegio de Escribanos,https://www.estadisticaciudad.gob.ar/eyc/wp-content/uploads/2026/06/EE_IS_MI_AN_M07.xlsx,2026-09-28
2005-07,6149,1018,16.6,770738588.4,,IDECBA sobre datos del Colegio de Escribanos,https://www.estadisticaciudad.gob.ar/eyc/wp-content/uploads/2026/06/EE_IS_MI_AN_M07.xlsx,2026-09-28
2005-08,7025,1116,15.9,912788992.62,,IDECBA sobre datos del Colegio de Escribanos,https://www.estadisticaciudad.gob.ar/eyc/wp-content/uploads/2026/06/EE_IS_MI_AN_M07.xlsx,2026-09-28
2005-09,7039,1216,17.3,947393755.73,,IDECBA sobre datos del Colegio de Escribanos,https://www.estadisticaciudad.gob.ar/eyc/wp-content/uploads/2026/06/EE_IS_MI_AN_M07.xlsx,2026-09-28
2005-10,6532,1108,17.0,1091819681.65,,IDECBA sobre datos del Colegio de Escribanos,https://www.estadisticaciudad.gob.ar/eyc/wp-content/uploads/2026/06/EE_IS_MI_AN_M07.xlsx,2026-09-28
2005-11,7033,1243,17.7,1020567380.66,,IDECBA sobre datos del Colegio de Escribanos,https://www.estadisticaciudad.gob.ar/eyc/wp-content/uploads/2026/06/EE_IS_MI_AN_M07.xlsx,2026-09-28
2005-12,7824,1388,17.7,1080421308.31,,IDECBA sobre datos del Colegio de Escribanos,https://www.estadisticaciudad.gob.ar/eyc/wp-content/uploads/2026/06/EE_IS_MI_AN_M07.xlsx,2026-09-28
2006-01,4282,887,20.7,705806662.92,,IDECBA sobre datos del Colegio de Escribanos,https://www.estadisticaciudad.gob.ar/eyc/wp-content/uploads/2026/06/EE_IS_MI_AN_M07.xlsx,2026-09-28
2006-02,4072,772,19.0,618794139.64,,IDECBA sobre datos del Colegio de Escribanos,https://www.estadisticaciudad.gob.ar/eyc/wp-content/uploads/2026/06/EE_IS_MI_AN_M07.xlsx,2026-09-28
2006-03,5345,919,17.2,913760602.6,,IDECBA sobre datos del Colegio de Escribanos,https://www.estadisticaciudad.gob.ar/eyc/wp-content/uploads/2026/06/EE_IS_MI_AN_M07.xlsx,2026-09-28
2006-04,5990,1084,18.1,953090475.21,,IDECBA sobre datos del Colegio de Escribanos,https://www.estadisticaciudad.gob.ar/eyc/wp-content/uploads/2026/06/EE_IS_MI_AN_M07.xlsx,2026-09-28
2006-05,6380,1110,17.4,1010362382.91,,IDECBA sobre datos del Colegio de Escribanos,https://www.estadisticaciudad.gob.ar/eyc/wp-content/uploads/2026/06/EE_IS_MI_AN_M07.xlsx,2026-09-28
2006-06,6281,1123,17.9,1081628684.7,,IDECBA sobre datos del Colegio de Escribanos,https://www.estadisticaciudad.gob.ar/eyc/wp-content/uploads/2026/06/EE_IS_MI_AN_M07.xlsx,2026-09-28
2006-07,6188,1231,19.9,1058685266.91,,IDECBA sobre datos del Colegio de Escribanos,https://www.estadisticaciudad.gob.ar/eyc/wp-content/uploads/2026/06/EE_IS_MI_AN_M07.xlsx,2026-09-28
2006-08,5622,1150,20.5,949318409.04,,IDECBA sobre datos del Colegio de Escribanos,https://www.estadisticaciudad.gob.ar/eyc/wp-content/uploads/2026/06/EE_IS_MI_AN_M07.xlsx,2026-09-28
2006-09,5770,1129,19.6,1028523940.09,,IDECBA sobre datos del Colegio de Escribanos,https://www.estadisticaciudad.gob.ar/eyc/wp-content/uploads/2026/06/EE_IS_MI_AN_M07.xlsx,2026-09-28
2006-10,7438,1360,18.3,1477560283.34,,IDECBA sobre datos del Colegio de Escribanos,https://www.estadisticaciudad.gob.ar/eyc/wp-content/uploads/2026/06/EE_IS_MI_AN_M07.xlsx,2026-09-28
2006-11,5510,1137,20.6,963686984.45,,IDECBA sobre datos del Colegio de Escribanos,https://www.estadisticaciudad.gob.ar/eyc/wp-content/uploads/2026/06/EE_IS_MI_AN_M07.xlsx,2026-09-28
2006-12,7963,1422,17.9,1486755134.5,,IDECBA sobre datos del Colegio de Escribanos,https://www.estadisticaciudad.gob.ar/eyc/wp-content/uploads/2026/06/EE_IS_MI_AN_M07.xlsx,2026-09-28
2007-01,4537,976,21.5,902520377.65,,IDECBA sobre datos del Colegio de Escribanos,https://www.estadisticaciudad.gob.ar/eyc/wp-content/uploads/2026/06/EE_IS_MI_AN_M07.xlsx,2026-09-28
2007-02,4428,999,22.6,801418756.29,,IDECBA sobre datos del Colegio de Escribanos,https://www.estadisticaciudad.gob.ar/eyc/wp-content/uploads/2026/06/EE_IS_MI_AN_M07.xlsx,2026-09-28
2007-03,6226,1291,20.7,1404007749.07,,IDECBA sobre datos del Colegio de Escribanos,https://www.estadisticaciudad.gob.ar/eyc/wp-content/uploads/2026/06/EE_IS_MI_AN_M07.xlsx,2026-09-28
2007-04,4488,944,21.0,883811215.76,,IDECBA sobre datos del Colegio de Escribanos,https://www.estadisticaciudad.gob.ar/eyc/wp-content/uploads/2026/06/EE_IS_MI_AN_M07.xlsx,2026-09-28
2007-05,5988,1274,21.3,1440819965.22,,IDECBA sobre datos del Colegio de Escribanos,https://www.estadisticaciudad.gob.ar/eyc/wp-content/uploads/2026/06/EE_IS_MI_AN_M07.xlsx,2026-09-28
2007-06,6459,1278,19.8,1429011031.87,,IDECBA sobre datos del Colegio de Escribanos,https://www.estadisticaciudad.gob.ar/eyc/wp-content/uploads/2026/06/EE_IS_MI_AN_M07.xlsx,2026-09-28
2007-07,6312,1521,24.1,1288144066.45,,IDECBA sobre datos del Colegio de Escribanos,https://www.estadisticaciudad.gob.ar/eyc/wp-content/uploads/2026/06/EE_IS_MI_AN_M07.xlsx,2026-09-28
2007-08,6444,1616,25.1,1662955283.6,,IDECBA sobre datos del Colegio de Escribanos,https://www.estadisticaciudad.gob.ar/eyc/wp-content/uploads/2026/06/EE_IS_MI_AN_M07.xlsx,2026-09-28
2007-09,6061,1605,26.5,1210748152.64,,IDECBA sobre datos del Colegio de Escribanos,https://www.estadisticaciudad.gob.ar/eyc/wp-content/uploads/2026/06/EE_IS_MI_AN_M07.xlsx,2026-09-28
2007-10,6886,1616,23.5,1363068549.0,,IDECBA sobre datos del Colegio de Escribanos,https://www.estadisticaciudad.gob.ar/eyc/wp-content/uploads/2026/06/EE_IS_MI_AN_M07.xlsx,2026-09-28
2007-11,6725,1558,23.2,1320799048.38,,IDECBA sobre datos del Colegio de Escribanos,https://www.estadisticaciudad.gob.ar/eyc/wp-content/uploads/2026/06/EE_IS_MI_AN_M07.xlsx,2026-09-28
2007-12,8439,1715,20.3,1751577521.26,,IDECBA sobre datos del Colegio de Escribanos,https://www.estadisticaciudad.gob.ar/eyc/wp-content/uploads/2026/06/EE_IS_MI_AN_M07.xlsx,2026-09-28
2008-01,4291,1013,23.6,1160846793.22,,IDECBA sobre datos del Colegio de Escribanos,https://www.estadisticaciudad.gob.ar/eyc/wp-content/uploads/2026/06/EE_IS_MI_AN_M07.xlsx,2026-09-28
2008-02,5407,1098,20.3,1342176792.98,,IDECBA sobre datos del Colegio de Escribanos,https://www.estadisticaciudad.gob.ar/eyc/wp-content/uploads/2026/06/EE_IS_MI_AN_M07.xlsx,2026-09-28
2008-03,4586,986,21.5,941781839.04,,IDECBA sobre datos del Colegio de Escribanos,https://www.estadisticaciudad.gob.ar/eyc/wp-content/uploads/2026/06/EE_IS_MI_AN_M07.xlsx,2026-09-28
2008-04,6011,1220,20.3,1601602395.11,,IDECBA sobre datos del Colegio de Escribanos,https://www.estadisticaciudad.gob.ar/eyc/wp-content/uploads/2026/06/EE_IS_MI_AN_M07.xlsx,2026-09-28
2008-05,6387,1313,20.6,1401316248.49,,IDECBA sobre datos del Colegio de Escribanos,https://www.estadisticaciudad.gob.ar/eyc/wp-content/uploads/2026/06/EE_IS_MI_AN_M07.xlsx,2026-09-28
2008-06,5998,1180,19.7,1495790390.21,,IDECBA sobre datos del Colegio de Escribanos,https://www.estadisticaciudad.gob.ar/eyc/wp-content/uploads/2026/06/EE_IS_MI_AN_M07.xlsx,2026-09-28
2008-07,6847,1433,20.9,1516771383.7,,IDECBA sobre datos del Colegio de Escribanos,https://www.estadisticaciudad.gob.ar/eyc/wp-content/uploads/2026/06/EE_IS_MI_AN_M07.xlsx,2026-09-28
2008-08,5680,1272,22.4,1289156017.85,,IDECBA sobre datos del Colegio de Escribanos,https://www.estadisticaciudad.gob.ar/eyc/wp-content/uploads/2026/06/EE_IS_MI_AN_M07.xlsx,2026-09-28
2008-09,6221,1257,20.2,1444108734.0,,IDECBA sobre datos del Colegio de Escribanos,https://www.estadisticaciudad.gob.ar/eyc/wp-content/uploads/2026/06/EE_IS_MI_AN_M07.xlsx,2026-09-28
2008-10,6454,1229,19.0,1615776291.84,,IDECBA sobre datos del Colegio de Escribanos,https://www.estadisticaciudad.gob.ar/eyc/wp-content/uploads/2026/06/EE_IS_MI_AN_M07.xlsx,2026-09-28
2008-11,5211,989,19.0,1345700471.15,,IDECBA sobre datos del Colegio de Escribanos,https://www.estadisticaciudad.gob.ar/eyc/wp-content/uploads/2026/06/EE_IS_MI_AN_M07.xlsx,2026-09-28
2008-12,5922,962,16.2,1494128973.0,,IDECBA sobre datos del Colegio de Escribanos,https://www.estadisticaciudad.gob.ar/eyc/wp-content/uploads/2026/06/EE_IS_MI_AN_M07.xlsx,2026-09-28
2009-01,2545,372,14.6,730295675.0,,IDECBA sobre datos del Colegio de Escribanos,https://www.estadisticaciudad.gob.ar/eyc/wp-content/uploads/2026/06/EE_IS_MI_AN_M07.xlsx,2026-09-28
2009-02,2500,422,16.9,614521364.34,,IDECBA sobre datos del Colegio de Escribanos,https://www.estadisticaciudad.gob.ar/eyc/wp-content/uploads/2026/06/EE_IS_MI_AN_M07.xlsx,2026-09-28
2009-03,3607,378,10.5,1065212516.02,,IDECBA sobre datos del Colegio de Escribanos,https://www.estadisticaciudad.gob.ar/eyc/wp-content/uploads/2026/06/EE_IS_MI_AN_M07.xlsx,2026-09-28
2009-04,3718,387,10.4,1037404175.69,,IDECBA sobre datos del Colegio de Escribanos,https://www.estadisticaciudad.gob.ar/eyc/wp-content/uploads/2026/06/EE_IS_MI_AN_M07.xlsx,2026-09-28
2009-05,3664,335,9.1,995772649.62,,IDECBA sobre datos del Colegio de Escribanos,https://www.estadisticaciudad.gob.ar/eyc/wp-content/uploads/2026/06/EE_IS_MI_AN_M07.xlsx,2026-09-28
2009-06,4277,382,8.9,1294088615.95,,IDECBA sobre datos del Colegio de Escribanos,https://www.estadisticaciudad.gob.ar/eyc/wp-content/uploads/2026/06/EE_IS_MI_AN_M07.xlsx,2026-09-28
2009-07,4199,403,9.6,1198434116.68,,IDECBA sobre datos del Colegio de Escribanos,https://www.estadisticaciudad.gob.ar/eyc/wp-content/uploads/2026/06/EE_IS_MI_AN_M07.xlsx,2026-09-28
2009-08,5330,396,7.4,1884611677.21,,IDECBA sobre datos del Colegio de Escribanos,https://www.estadisticaciudad.gob.ar/eyc/wp-content/uploads/2026/06/EE_IS_MI_AN_M07.xlsx,2026-09-28
2009-09,4935,503,10.2,1628577685.92,,IDECBA sobre datos del Colegio de Escribanos,https://www.estadisticaciudad.gob.ar/eyc/wp-content/uploads/2026/06/EE_IS_MI_AN_M07.xlsx,2026-09-28
2009-10,4917,473,9.6,1429714764.18,,IDECBA sobre datos del Colegio de Escribanos,https://www.estadisticaciudad.gob.ar/eyc/wp-content/uploads/2026/06/EE_IS_MI_AN_M07.xlsx,2026-09-28
2009-11,5149,472,9.2,1612316569.82,,IDECBA sobre datos del Colegio de Escribanos,https://www.estadisticaciudad.gob.ar/eyc/wp-content/uploads/2026/06/EE_IS_MI_AN_M07.xlsx,2026-09-28
2009-12,6758,623,9.2,2129124585.59,,IDECBA sobre datos del Colegio de Escribanos,https://www.estadisticaciudad.gob.ar/eyc/wp-content/uploads/2026/06/EE_IS_MI_AN_M07.xlsx,2026-09-28
2010-01,3433,376,11.0,1322721937.32,,IDECBA sobre datos del Colegio de Escribanos,https://www.estadisticaciudad.gob.ar/eyc/wp-content/uploads/2026/06/EE_IS_MI_AN_M07.xlsx,2026-09-28
2010-02,3331,358,10.7,1274743371.64,,IDECBA sobre datos del Colegio de Escribanos,https://www.estadisticaciudad.gob.ar/eyc/wp-content/uploads/2026/06/EE_IS_MI_AN_M07.xlsx,2026-09-28
2010-03,4958,518,10.4,1680077048.86,,IDECBA sobre datos del Colegio de Escribanos,https://www.estadisticaciudad.gob.ar/eyc/wp-content/uploads/2026/06/EE_IS_MI_AN_M07.xlsx,2026-09-28
2010-04,4813,406,8.4,1618771765.78,,IDECBA sobre datos del Colegio de Escribanos,https://www.estadisticaciudad.gob.ar/eyc/wp-content/uploads/2026/06/EE_IS_MI_AN_M07.xlsx,2026-09-28
2010-05,5168,466,9.0,1909189719.14,,IDECBA sobre datos del Colegio de Escribanos,https://www.estadisticaciudad.gob.ar/eyc/wp-content/uploads/2026/06/EE_IS_MI_AN_M07.xlsx,2026-09-28
2010-06,5615,490,8.7,1953458593.78,,IDECBA sobre datos del Colegio de Escribanos,https://www.estadisticaciudad.gob.ar/eyc/wp-content/uploads/2026/06/EE_IS_MI_AN_M07.xlsx,2026-09-28
2010-07,5537,498,9.0,2059646127.56,,IDECBA sobre datos del Colegio de Escribanos,https://www.estadisticaciudad.gob.ar/eyc/wp-content/uploads/2026/06/EE_IS_MI_AN_M07.xlsx,2026-09-28
2010-08,5477,527,9.6,2006360835.22,,IDECBA sobre datos del Colegio de Escribanos,https://www.estadisticaciudad.gob.ar/eyc/wp-content/uploads/2026/06/EE_IS_MI_AN_M07.xlsx,2026-09-28
2010-09,5657,578,10.2,2115607078.75,,IDECBA sobre datos del Colegio de Escribanos,https://www.estadisticaciudad.gob.ar/eyc/wp-content/uploads/2026/06/EE_IS_MI_AN_M07.xlsx,2026-09-28
2010-10,5245,550,10.5,2032467527.12,,IDECBA sobre datos del Colegio de Escribanos,https://www.estadisticaciudad.gob.ar/eyc/wp-content/uploads/2026/06/EE_IS_MI_AN_M07.xlsx,2026-09-28
2010-11,6039,594,9.8,2442183456.68,,IDECBA sobre datos del Colegio de Escribanos,https://www.estadisticaciudad.gob.ar/eyc/wp-content/uploads/2026/06/EE_IS_MI_AN_M07.xlsx,2026-09-28
2010-12,7037,733,10.4,2750240721.53,,IDECBA sobre datos del Colegio de Escribanos,https://www.estadisticaciudad.gob.ar/eyc/wp-content/uploads/2026/06/EE_IS_MI_AN_M07.xlsx,2026-09-28
2011-01,3863,401,10.4,1766790280.39,,IDECBA sobre datos del Colegio de Escribanos,https://www.estadisticaciudad.gob.ar/eyc/wp-content/uploads/2026/06/EE_IS_MI_AN_M07.xlsx,2026-09-28
2011-02,3739,444,11.9,1625829525.41,,IDECBA sobre datos del Colegio de Escribanos,https://www.estadisticaciudad.gob.ar/eyc/wp-content/uploads/2026/06/EE_IS_MI_AN_M07.xlsx,2026-09-28
2011-03,4895,519,10.6,1894457480.17,,IDECBA sobre datos del Colegio de Escribanos,https://www.estadisticaciudad.gob.ar/eyc/wp-content/uploads/2026/06/EE_IS_MI_AN_M07.xlsx,2026-09-28
2011-04,4751,476,10.0,1863369790.49,,IDECBA sobre datos del Colegio de Escribanos,https://www.estadisticaciudad.gob.ar/eyc/wp-content/uploads/2026/06/EE_IS_MI_AN_M07.xlsx,2026-09-28
2011-05,5515,598,10.8,2164226297.11,,IDECBA sobre datos del Colegio de Escribanos,https://www.estadisticaciudad.gob.ar/eyc/wp-content/uploads/2026/06/EE_IS_MI_AN_M07.xlsx,2026-09-28
2011-06,5749,623,10.8,2305280567.11,,IDECBA sobre datos del Colegio de Escribanos,https://www.estadisticaciudad.gob.ar/eyc/wp-content/uploads/2026/06/EE_IS_MI_AN_M07.xlsx,2026-09-28
2011-07,5544,619,11.2,2266836724.94,,IDECBA sobre datos del Colegio de Escribanos,https://www.estadisticaciudad.gob.ar/eyc/wp-content/uploads/2026/06/EE_IS_MI_AN_M07.xlsx,2026-09-28
2011-08,5795,657,11.3,2829853018.35,,IDECBA sobre datos del Colegio de Escribanos,https://www.estadisticaciudad.gob.ar/eyc/wp-content/uploads/2026/06/EE_IS_MI_AN_M07.xlsx,2026-09-28
2011-09,6124,720,11.8,2627093311.84,,IDECBA sobre datos del Colegio de Escribanos,https://www.estadisticaciudad.gob.ar/eyc/wp-content/uploads/2026/06/EE_IS_MI_AN_M07.xlsx,2026-09-28
2011-10,5603,724,12.9,2475864414.42,,IDECBA sobre datos del Colegio de Escribanos,https://www.estadisticaciudad.gob.ar/eyc/wp-content/uploads/2026/06/EE_IS_MI_AN_M07.xlsx,2026-09-28
2011-11,6134,765,12.5,2762512717.52,,IDECBA sobre datos del Colegio de Escribanos,https://www.estadisticaciudad.gob.ar/eyc/wp-content/uploads/2026/06/EE_IS_MI_AN_M07.xlsx,2026-09-28
2011-12,6316,709,11.2,2896083340.83,,IDECBA sobre datos del Colegio de Escribanos,https://www.estadisticaciudad.gob.ar/eyc/wp-content/uploads/2026/06/EE_IS_MI_AN_M07.xlsx,2026-09-28
2012-01,3320,385,11.6,1660515540.51,,IDECBA sobre datos del Colegio de Escribanos,https://www.estadisticaciudad.gob.ar/eyc/wp-content/uploads/2026/06/EE_IS_MI_AN_M07.xlsx,2026-09-28
2012-02,3052,421,13.8,1337812440.7,,IDECBA sobre datos del Colegio de Escribanos,https://www.estadisticaciudad.gob.ar/eyc/wp-content/uploads/2026/06/EE_IS_MI_AN_M07.xlsx,2026-09-28
2012-03,4660,551,11.8,2223378459.74,,IDECBA sobre datos del Colegio de Escribanos,https://www.estadisticaciudad.gob.ar/eyc/wp-content/uploads/2026/06/EE_IS_MI_AN_M07.xlsx,2026-09-28
2012-04,3550,400,11.3,1530832581.56,,IDECBA sobre datos del Colegio de Escribanos,https://www.estadisticaciudad.gob.ar/eyc/wp-content/uploads/2026/06/EE_IS_MI_AN_M07.xlsx,2026-09-28
2012-05,4668,487,10.4,2143524971.59,,IDECBA sobre datos del Colegio de Escribanos,https://www.estadisticaciudad.gob.ar/eyc/wp-content/uploads/2026/06/EE_IS_MI_AN_M07.xlsx,2026-09-28
2012-06,4757,472,9.9,2411452657.96,,IDECBA sobre datos del Colegio de Escribanos,https://www.estadisticaciudad.gob.ar/eyc/wp-content/uploads/2026/06/EE_IS_MI_AN_M07.xlsx,2026-09-28
2012-07,4017,422,10.5,1749221700.1,,IDECBA sobre datos del Colegio de Escribanos,https://www.estadisticaciudad.gob.ar/eyc/wp-content/uploads/2026/06/EE_IS_MI_AN_M07.xlsx,2026-09-28
2012-08,3776,375,9.9,1587351542.19,,IDECBA sobre datos del Colegio de Escribanos,https://www.estadisticaciudad.gob.ar/eyc/wp-content/uploads/2026/06/EE_IS_MI_AN_M07.xlsx,2026-09-28
2012-09,3256,316,9.7,1484390088.91,,IDECBA sobre datos del Colegio de Escribanos,https://www.estadisticaciudad.gob.ar/eyc/wp-content/uploads/2026/06/EE_IS_MI_AN_M07.xlsx,2026-09-28
2012-10,3594,396,11.0,1673660279.14,,IDECBA sobre datos del Colegio de Escribanos,https://www.estadisticaciudad.gob.ar/eyc/wp-content/uploads/2026/06/EE_IS_MI_AN_M07.xlsx,2026-09-28
2012-11,3473,272,7.8,1559695372.4,,IDECBA sobre datos del Colegio de Escribanos,https://www.estadisticaciudad.gob.ar/eyc/wp-content/uploads/2026/06/EE_IS_MI_AN_M07.xlsx,2026-09-28
2012-12,4474,563,12.6,2076091651.56,,IDECBA sobre datos del Colegio de Escribanos,https://www.estadisticaciudad.gob.ar/eyc/wp-content/uploads/2026/06/EE_IS_MI_AN_M07.xlsx,2026-09-28
2013-01,2043,193,9.4,1028187012.19,,IDECBA sobre datos del Colegio de Escribanos,https://www.estadisticaciudad.gob.ar/eyc/wp-content/uploads/2026/06/EE_IS_MI_AN_M07.xlsx,2026-09-28
2013-02,1717,185,10.8,849547504.06,,IDECBA sobre datos del Colegio de Escribanos,https://www.estadisticaciudad.gob.ar/eyc/wp-content/uploads/2026/06/EE_IS_MI_AN_M07.xlsx,2026-09-28
2013-03,2730,230,8.4,1311620107.9,,IDECBA sobre datos del Colegio de Escribanos,https://www.estadisticaciudad.gob.ar/eyc/wp-content/uploads/2026/06/EE_IS_MI_AN_M07.xlsx,2026-09-28
2013-04,2735,205,7.5,1368501100.69,,IDECBA sobre datos del Colegio de Escribanos,https://www.estadisticaciudad.gob.ar/eyc/wp-content/uploads/2026/06/EE_IS_MI_AN_M07.xlsx,2026-09-28
2013-05,3425,253,7.4,1728470381.84,,IDECBA sobre datos del Colegio de Escribanos,https://www.estadisticaciudad.gob.ar/eyc/wp-content/uploads/2026/06/EE_IS_MI_AN_M07.xlsx,2026-09-28
2013-06,2634,228,8.7,1515934819.4,,IDECBA sobre datos del Colegio de Escribanos,https://www.estadisticaciudad.gob.ar/eyc/wp-content/uploads/2026/06/EE_IS_MI_AN_M07.xlsx,2026-09-28
2013-07,3121,230,7.4,1566553007.95,,IDECBA sobre datos del Colegio de Escribanos,https://www.estadisticaciudad.gob.ar/eyc/wp-content/uploads/2026/06/EE_IS_MI_AN_M07.xlsx,2026-09-28
2013-08,3044,253,8.3,1709231617.43,,IDECBA sobre datos del Colegio de Escribanos,https://www.estadisticaciudad.gob.ar/eyc/wp-content/uploads/2026/06/EE_IS_MI_AN_M07.xlsx,2026-09-28
2013-09,3237,260,8.0,1881804943.57,,IDECBA sobre datos del Colegio de Escribanos,https://www.estadisticaciudad.gob.ar/eyc/wp-content/uploads/2026/06/EE_IS_MI_AN_M07.xlsx,2026-09-28
2013-10,3529,270,7.7,2213712132.5,,IDECBA sobre datos del Colegio de Escribanos,https://www.estadisticaciudad.gob.ar/eyc/wp-content/uploads/2026/06/EE_IS_MI_AN_M07.xlsx,2026-09-28
2013-11,3319,256,7.7,1926667774.28,,IDECBA sobre datos del Colegio de Escribanos,https://www.estadisticaciudad.gob.ar/eyc/wp-content/uploads/2026/06/EE_IS_MI_AN_M07.xlsx,2026-09-28
2013-12,4381,320,7.3,2681665789.08,,IDECBA sobre datos del Colegio de Escribanos,https://www.estadisticaciudad.gob.ar/eyc/wp-content/uploads/2026/06/EE_IS_MI_AN_M07.xlsx,2026-09-28
2014-01,2030,167,8.2,1591446628.7,,IDECBA sobre datos del Colegio de Escribanos,https://www.estadisticaciudad.gob.ar/eyc/wp-content/uploads/2026/06/EE_IS_MI_AN_M07.xlsx,2026-09-28
2014-02,1996,193,9.7,1738872290.61,,IDECBA sobre datos del Colegio de Escribanos,https://www.estadisticaciudad.gob.ar/eyc/wp-content/uploads/2026/06/EE_IS_MI_AN_M07.xlsx,2026-09-28
2014-03,2222,172,7.7,1604795742.15,,IDECBA sobre datos del Colegio de Escribanos,https://www.estadisticaciudad.gob.ar/eyc/wp-content/uploads/2026/06/EE_IS_MI_AN_M07.xlsx,2026-09-28
2014-04,2682,213,7.9,2003127023.27,,IDECBA sobre datos del Colegio de Escribanos,https://www.estadisticaciudad.gob.ar/eyc/wp-content/uploads/2026/06/EE_IS_MI_AN_M07.xlsx,2026-09-28
2014-05,2896,244,8.4,2197066362.78,,IDECBA sobre datos del Colegio de Escribanos,https://www.estadisticaciudad.gob.ar/eyc/wp-content/uploads/2026/06/EE_IS_MI_AN_M07.xlsx,2026-09-28
2014-06,3154,249,7.9,2441537134.26,,IDECBA sobre datos del Colegio de Escribanos,https://www.estadisticaciudad.gob.ar/eyc/wp-content/uploads/2026/06/EE_IS_MI_AN_M07.xlsx,2026-09-28
2014-07,3115,251,8.1,2618007305.35,,IDECBA sobre datos del Colegio de Escribanos,https://www.estadisticaciudad.gob.ar/eyc/wp-content/uploads/2026/06/EE_IS_MI_AN_M07.xlsx,2026-09-28
2014-08,2762,250,9.1,2093569921.05,,IDECBA sobre datos del Colegio de Escribanos,https://www.estadisticaciudad.gob.ar/eyc/wp-content/uploads/2026/06/EE_IS_MI_AN_M07.xlsx,2026-09-28
2014-09,3103,267,8.6,2699291074.17,,IDECBA sobre datos del Colegio de Escribanos,https://www.estadisticaciudad.gob.ar/eyc/wp-content/uploads/2026/06/EE_IS_MI_AN_M07.xlsx,2026-09-28
2014-10,3125,224,7.2,3246557128.3,,IDECBA sobre datos del Colegio de Escribanos,https://www.estadisticaciudad.gob.ar/eyc/wp-content/uploads/2026/06/EE_IS_MI_AN_M07.xlsx,2026-09-28
2014-11,2717,185,6.8,2407299990.45,,IDECBA sobre datos del Colegio de Escribanos,https://www.estadisticaciudad.gob.ar/eyc/wp-content/uploads/2026/06/EE_IS_MI_AN_M07.xlsx,2026-09-28
2014-12,3890,275,7.1,6024974504.99,,IDECBA sobre datos del Colegio de Escribanos,https://www.estadisticaciudad.gob.ar/eyc/wp-content/uploads/2026/06/EE_IS_MI_AN_M07.xlsx,2026-09-28
2015-01,1726,125,7.2,1617436205.96,,IDECBA sobre datos del Colegio de Escribanos,https://www.estadisticaciudad.gob.ar/eyc/wp-content/uploads/2026/06/EE_IS_MI_AN_M07.xlsx,2026-09-28
2015-02,1629,149,9.1,1408029774.28,,IDECBA sobre datos del Colegio de Escribanos,https://www.estadisticaciudad.gob.ar/eyc/wp-content/uploads/2026/06/EE_IS_MI_AN_M07.xlsx,2026-09-28
2015-03,2750,192,7.0,2440250680.27,,IDECBA sobre datos del Colegio de Escribanos,https://www.estadisticaciudad.gob.ar/eyc/wp-content/uploads/2026/06/EE_IS_MI_AN_M07.xlsx,2026-09-28
2015-04,2851,218,7.6,2643926739.05,,IDECBA sobre datos del Colegio de Escribanos,https://www.estadisticaciudad.gob.ar/eyc/wp-content/uploads/2026/06/EE_IS_MI_AN_M07.xlsx,2026-09-28
2015-05,3131,218,7.0,2967999726.25,,IDECBA sobre datos del Colegio de Escribanos,https://www.estadisticaciudad.gob.ar/eyc/wp-content/uploads/2026/06/EE_IS_MI_AN_M07.xlsx,2026-09-28
2015-06,3365,251,7.5,4038151391.57,,IDECBA sobre datos del Colegio de Escribanos,https://www.estadisticaciudad.gob.ar/eyc/wp-content/uploads/2026/06/EE_IS_MI_AN_M07.xlsx,2026-09-28
2015-07,4083,308,7.5,3961680283.1,,IDECBA sobre datos del Colegio de Escribanos,https://www.estadisticaciudad.gob.ar/eyc/wp-content/uploads/2026/06/EE_IS_MI_AN_M07.xlsx,2026-09-28
2015-08,2936,175,6.0,3395627537.6,,IDECBA sobre datos del Colegio de Escribanos,https://www.estadisticaciudad.gob.ar/eyc/wp-content/uploads/2026/06/EE_IS_MI_AN_M07.xlsx,2026-09-28
2015-09,3533,287,8.1,3837171185.78,,IDECBA sobre datos del Colegio de Escribanos,https://www.estadisticaciudad.gob.ar/eyc/wp-content/uploads/2026/06/EE_IS_MI_AN_M07.xlsx,2026-09-28
2015-10,3523,303,8.6,3496903718.99,,IDECBA sobre datos del Colegio de Escribanos,https://www.estadisticaciudad.gob.ar/eyc/wp-content/uploads/2026/06/EE_IS_MI_AN_M07.xlsx,2026-09-28
2015-11,3450,264,7.7,4448676129.67,,IDECBA sobre datos del Colegio de Escribanos,https://www.estadisticaciudad.gob.ar/eyc/wp-content/uploads/2026/06/EE_IS_MI_AN_M07.xlsx,2026-09-28
2015-12,4401,356,8.1,6263615831.99,,IDECBA sobre datos del Colegio de Escribanos,https://www.estadisticaciudad.gob.ar/eyc/wp-content/uploads/2026/06/EE_IS_MI_AN_M07.xlsx,2026-09-28
2016-01,1901,197,10.4,2686438613.28,,IDECBA sobre datos del Colegio de Escribanos,https://www.estadisticaciudad.gob.ar/eyc/wp-content/uploads/2026/06/EE_IS_MI_AN_M07.xlsx,2026-09-28
2016-02,1920,174,9.1,2671567965.33,,IDECBA sobre datos del Colegio de Escribanos,https://www.estadisticaciudad.gob.ar/eyc/wp-content/uploads/2026/06/EE_IS_MI_AN_M07.xlsx,2026-09-28
2016-03,3139,271,8.6,4494645027.13,,IDECBA sobre datos del Colegio de Escribanos,https://www.estadisticaciudad.gob.ar/eyc/wp-content/uploads/2026/06/EE_IS_MI_AN_M07.xlsx,2026-09-28
2016-04,3347,248,7.4,4516468758.49,,IDECBA sobre datos del Colegio de Escribanos,https://www.estadisticaciudad.gob.ar/eyc/wp-content/uploads/2026/06/EE_IS_MI_AN_M07.xlsx,2026-09-28
2016-05,3648,327,9.0,5824600762.96,,IDECBA sobre datos del Colegio de Escribanos,https://www.estadisticaciudad.gob.ar/eyc/wp-content/uploads/2026/06/EE_IS_MI_AN_M07.xlsx,2026-09-28
2016-06,3644,261,7.2,5812606922.31,,IDECBA sobre datos del Colegio de Escribanos,https://www.estadisticaciudad.gob.ar/eyc/wp-content/uploads/2026/06/EE_IS_MI_AN_M07.xlsx,2026-09-28
2016-07,3571,318,8.9,5682992460.23,,IDECBA sobre datos del Colegio de Escribanos,https://www.estadisticaciudad.gob.ar/eyc/wp-content/uploads/2026/06/EE_IS_MI_AN_M07.xlsx,2026-09-28
2016-08,4224,381,9.0,7266550864.38,,IDECBA sobre datos del Colegio de Escribanos,https://www.estadisticaciudad.gob.ar/eyc/wp-content/uploads/2026/06/EE_IS_MI_AN_M07.xlsx,2026-09-28
2016-09,4212,490,11.6,6988012959.35,,IDECBA sobre datos del Colegio de Escribanos,https://www.estadisticaciudad.gob.ar/eyc/wp-content/uploads/2026/06/EE_IS_MI_AN_M07.xlsx,2026-09-28
2016-10,4153,516,12.4,7840449507.1,,IDECBA sobre datos del Colegio de Escribanos,https://www.estadisticaciudad.gob.ar/eyc/wp-content/uploads/2026/06/EE_IS_MI_AN_M07.xlsx,2026-09-28
2016-11,5020,692,13.8,9525271851.23,,IDECBA sobre datos del Colegio de Escribanos,https://www.estadisticaciudad.gob.ar/eyc/wp-content/uploads/2026/06/EE_IS_MI_AN_M07.xlsx,2026-09-28
2016-12,6210,947,15.2,12701501184.631,,IDECBA sobre datos del Colegio de Escribanos,https://www.estadisticaciudad.gob.ar/eyc/wp-content/uploads/2026/06/EE_IS_MI_AN_M07.xlsx,2026-09-28
2017-01,3426,715,20.9,7900209316.11,,IDECBA sobre datos del Colegio de Escribanos,https://www.estadisticaciudad.gob.ar/eyc/wp-content/uploads/2026/06/EE_IS_MI_AN_M07.xlsx,2026-09-28
2017-02,3017,634,21.0,7666693545.21,,IDECBA sobre datos del Colegio de Escribanos,https://www.estadisticaciudad.gob.ar/eyc/wp-content/uploads/2026/06/EE_IS_MI_AN_M07.xlsx,2026-09-28
2017-03,4513,836,18.5,9276689920.86,,IDECBA sobre datos del Colegio de Escribanos,https://www.estadisticaciudad.gob.ar/eyc/wp-content/uploads/2026/06/EE_IS_MI_AN_M07.xlsx,2026-09-28
2017-04,4035,730,18.1,8951848698.58,,IDECBA sobre datos del Colegio de Escribanos,https://www.estadisticaciudad.gob.ar/eyc/wp-content/uploads/2026/06/EE_IS_MI_AN_M07.xlsx,2026-09-28
2017-05,5100,1024,20.1,11376453177.07,,IDECBA sobre datos del Colegio de Escribanos,https://www.estadisticaciudad.gob.ar/eyc/wp-content/uploads/2026/06/EE_IS_MI_AN_M07.xlsx,2026-09-28
2017-06,5174,923,17.8,11811830566.21,,IDECBA sobre datos del Colegio de Escribanos,https://www.estadisticaciudad.gob.ar/eyc/wp-content/uploads/2026/06/EE_IS_MI_AN_M07.xlsx,2026-09-28
2017-07,5312,1148,21.6,12350977211.66,,IDECBA sobre datos del Colegio de Escribanos,https://www.estadisticaciudad.gob.ar/eyc/wp-content/uploads/2026/06/EE_IS_MI_AN_M07.xlsx,2026-09-28
2017-08,6026,1467,24.3,14023009959.58,,IDECBA sobre datos del Colegio de Escribanos,https://www.estadisticaciudad.gob.ar/eyc/wp-content/uploads/2026/06/EE_IS_MI_AN_M07.xlsx,2026-09-28
2017-09,6014,1564,26.0,14246706033.03,,IDECBA sobre datos del Colegio de Escribanos,https://www.estadisticaciudad.gob.ar/eyc/wp-content/uploads/2026/06/EE_IS_MI_AN_M07.xlsx,2026-09-28
2017-10,6154,1681,27.3,14859059829.73,,IDECBA sobre datos del Colegio de Escribanos,https://www.estadisticaciudad.gob.ar/eyc/wp-content/uploads/2026/06/EE_IS_MI_AN_M07.xlsx,2026-09-28
2017-11,6771,1869,27.6,16490630569.35,,IDECBA sobre datos del Colegio de Escribanos,https://www.estadisticaciudad.gob.ar/eyc/wp-content/uploads/2026/06/EE_IS_MI_AN_M07.xlsx,2026-09-28
2017-12,7861,2283,29.0,20052901020.23,,IDECBA sobre datos del Colegio de Escribanos,https://www.estadisticaciudad.gob.ar/eyc/wp-content/uploads/2026/06/EE_IS_MI_AN_M07.xlsx,2026-09-28
2018-01,4493,2146,47.8,12925226416.34,,IDECBA sobre datos del Colegio de Escribanos,https://www.estadisticaciudad.gob.ar/eyc/wp-content/uploads/2026/06/EE_IS_MI_AN_M07.xlsx,2026-09-28
2018-02,4040,1846,45.7,11767851429.34,,IDECBA sobre datos del Colegio de Escribanos,https://www.estadisticaciudad.gob.ar/eyc/wp-content/uploads/2026/06/EE_IS_MI_AN_M07.xlsx,2026-09-28
2018-03,6076,2467,40.6,17847211784.81,,IDECBA sobre datos del Colegio de Escribanos,https://www.estadisticaciudad.gob.ar/eyc/wp-content/uploads/2026/06/EE_IS_MI_AN_M07.xlsx,2026-09-28
2018-04,5979,2522,42.2,17845425688.27,,IDECBA sobre datos del Colegio de Escribanos,https://www.estadisticaciudad.gob.ar/eyc/wp-content/uploads/2026/06/EE_IS_MI_AN_M07.xlsx,2026-09-28
2018-05,5897,1737,29.5,20101358970.02,,IDECBA sobre datos del Colegio de Escribanos,https://www.estadisticaciudad.gob.ar/eyc/wp-content/uploads/2026/06/EE_IS_MI_AN_M07.xlsx,2026-09-28
2018-06,4593,818,17.8,18623189696.95,,IDECBA sobre datos del Colegio de Escribanos,https://www.estadisticaciudad.gob.ar/eyc/wp-content/uploads/2026/06/EE_IS_MI_AN_M07.xlsx,2026-09-28
2018-07,4414,686,15.5,16224685961.92,,IDECBA sobre datos del Colegio de Escribanos,https://www.estadisticaciudad.gob.ar/eyc/wp-content/uploads/2026/06/EE_IS_MI_AN_M07.xlsx,2026-09-28
2018-08,4560,593,13.0,17212273785.12,,IDECBA sobre datos del Colegio de Escribanos,https://www.estadisticaciudad.gob.ar/eyc/wp-content/uploads/2026/06/EE_IS_MI_AN_M07.xlsx,2026-09-28
2018-09,3544,351,9.9,17181470552.56,,IDECBA sobre datos del Colegio de Escribanos,https://www.estadisticaciudad.gob.ar/eyc/wp-content/uploads/2026/06/EE_IS_MI_AN_M07.xlsx,2026-09-28
2018-10,3671,328,8.9,17746690213.86,,IDECBA sobre datos del Colegio de Escribanos,https://www.estadisticaciudad.gob.ar/eyc/wp-content/uploads/2026/06/EE_IS_MI_AN_M07.xlsx,2026-09-28
2018-11,3689,252,6.8,16940933144.22,,IDECBA sobre datos del Colegio de Escribanos,https://www.estadisticaciudad.gob.ar/eyc/wp-content/uploads/2026/06/EE_IS_MI_AN_M07.xlsx,2026-09-28
2018-12,4656,302,6.5,18695029093.49,,IDECBA sobre datos del Colegio de Escribanos,https://www.estadisticaciudad.gob.ar/eyc/wp-content/uploads/2026/06/EE_IS_MI_AN_M07.xlsx,2026-09-28
2019-01,2028,203,10.0,10357301092.02,,IDECBA sobre datos del Colegio de Escribanos,https://www.estadisticaciudad.gob.ar/eyc/wp-content/uploads/2026/06/EE_IS_MI_AN_M07.xlsx,2026-09-28
2019-02,2142,158,7.4,9532514076.47,,IDECBA sobre datos del Colegio de Escribanos,https://www.estadisticaciudad.gob.ar/eyc/wp-content/uploads/2026/06/EE_IS_MI_AN_M07.xlsx,2026-09-28
2019-03,2738,183,6.7,13031158789.77,,IDECBA sobre datos del Colegio de Escribanos,https://www.estadisticaciudad.gob.ar/eyc/wp-content/uploads/2026/06/EE_IS_MI_AN_M07.xlsx,2026-09-28
2019-04,2774,182,6.6,13809418954.23,,IDECBA sobre datos del Colegio de Escribanos,https://www.estadisticaciudad.gob.ar/eyc/wp-content/uploads/2026/06/EE_IS_MI_AN_M07.xlsx,2026-09-28
2019-05,3198,212,6.6,17065620516.85,,IDECBA sobre datos del Colegio de Escribanos,https://www.estadisticaciudad.gob.ar/eyc/wp-content/uploads/2026/06/EE_IS_MI_AN_M07.xlsx,2026-09-28
2019-06,2695,199,7.4,13977563642.0,,IDECBA sobre datos del Colegio de Escribanos,https://www.estadisticaciudad.gob.ar/eyc/wp-content/uploads/2026/06/EE_IS_MI_AN_M07.xlsx,2026-09-28
2019-07,3208,221,6.9,19357695687.0,,IDECBA sobre datos del Colegio de Escribanos,https://www.estadisticaciudad.gob.ar/eyc/wp-content/uploads/2026/06/EE_IS_MI_AN_M07.xlsx,2026-09-28
2019-08,2950,291,9.9,22717299151.0,,IDECBA sobre datos del Colegio de Escribanos,https://www.estadisticaciudad.gob.ar/eyc/wp-content/uploads/2026/06/EE_IS_MI_AN_M07.xlsx,2026-09-28
2019-09,2871,366,12.7,19467362943.0,,IDECBA sobre datos del Colegio de Escribanos,https://www.estadisticaciudad.gob.ar/eyc/wp-content/uploads/2026/06/EE_IS_MI_AN_M07.xlsx,2026-09-28
2019-10,3152,370,11.7,19956989454.0,,IDECBA sobre datos del Colegio de Escribanos,https://www.estadisticaciudad.gob.ar/eyc/wp-content/uploads/2026/06/EE_IS_MI_AN_M07.xlsx,2026-09-28
2019-11,2410,226,9.4,14901829009.0,,IDECBA sobre datos del Colegio de Escribanos,https://www.estadisticaciudad.gob.ar/eyc/wp-content/uploads/2026/06/EE_IS_MI_AN_M07.xlsx,2026-09-28
2019-12,3265,248,7.6,20442402513.0,,IDECBA sobre datos del Colegio de Escribanos,https://www.estadisticaciudad.gob.ar/eyc/wp-content/uploads/2026/06/EE_IS_MI_AN_M07.xlsx,2026-09-28
2020-01,1390,105,7.6,9794261010.0,,IDECBA sobre datos del Colegio de Escribanos,https://www.estadisticaciudad.gob.ar/eyc/wp-content/uploads/2026/06/EE_IS_MI_AN_M07.xlsx,2026-09-28
2020-02,1417,108,7.6,9697156145.0,,IDECBA sobre datos del Colegio de Escribanos,https://www.estadisticaciudad.gob.ar/eyc/wp-content/uploads/2026/06/EE_IS_MI_AN_M07.xlsx,2026-09-28
2020-03,1403,123,8.8,8956539450.0,,IDECBA sobre datos del Colegio de Escribanos,https://www.estadisticaciudad.gob.ar/eyc/wp-content/uploads/2026/06/EE_IS_MI_AN_M07.xlsx,2026-09-28
2020-04,7,0,0.0,20479000.0,,IDECBA sobre datos del Colegio de Escribanos,https://www.estadisticaciudad.gob.ar/eyc/wp-content/uploads/2026/06/EE_IS_MI_AN_M07.xlsx,2026-09-28
2020-05,681,34,5.0,6118711699.0,,IDECBA sobre datos del Colegio de Escribanos,https://www.estadisticaciudad.gob.ar/eyc/wp-content/uploads/2026/06/EE_IS_MI_AN_M07.xlsx,2026-09-28
2020-06,1405,109,7.8,10212594972.0,,IDECBA sobre datos del Colegio de Escribanos,https://www.estadisticaciudad.gob.ar/eyc/wp-content/uploads/2026/06/EE_IS_MI_AN_M07.xlsx,2026-09-28
2020-07,573,30,5.2,11258070210.0,,IDECBA sobre datos del Colegio de Escribanos,https://www.estadisticaciudad.gob.ar/eyc/wp-content/uploads/2026/06/EE_IS_MI_AN_M07.xlsx,2026-09-28
2020-08,1605,108,6.7,13363620449.0,,IDECBA sobre datos del Colegio de Escribanos,https://www.estadisticaciudad.gob.ar/eyc/wp-content/uploads/2026/06/EE_IS_MI_AN_M07.xlsx,2026-09-28
2020-09,2181,81,3.7,21321100557.0,,IDECBA sobre datos del Colegio de Escribanos,https://www.estadisticaciudad.gob.ar/eyc/wp-content/uploads/2026/06/EE_IS_MI_AN_M07.xlsx,2026-09-28
2020-10,2528,66,2.6,22017433441.0,,IDECBA sobre datos del Colegio de Escribanos,https://www.estadisticaciudad.gob.ar/eyc/wp-content/uploads/2026/06/EE_IS_MI_AN_M07.xlsx,2026-09-28
2020-11,2515,116,4.6,38631748762.0,,IDECBA sobre datos del Colegio de Escribanos,https://www.estadisticaciudad.gob.ar/eyc/wp-content/uploads/2026/06/EE_IS_MI_AN_M07.xlsx,2026-09-28
2020-12,3065,98,3.2,22920085889.0,,IDECBA sobre datos del Colegio de Escribanos,https://www.estadisticaciudad.gob.ar/eyc/wp-content/uploads/2026/06/EE_IS_MI_AN_M07.xlsx,2026-09-28
2021-01,1619,56,3.5,15094626346.19,,IDECBA sobre datos del Colegio de Escribanos,https://www.estadisticaciudad.gob.ar/eyc/wp-content/uploads/2026/06/EE_IS_MI_AN_M07.xlsx,2026-09-28
2021-02,1499,95,6.3,13736099298.69,,IDECBA sobre datos del Colegio de Escribanos,https://www.estadisticaciudad.gob.ar/eyc/wp-content/uploads/2026/06/EE_IS_MI_AN_M07.xlsx,2026-09-28
2021-03,2469,275,11.1,23915957005.56,,IDECBA sobre datos del Colegio de Escribanos,https://www.estadisticaciudad.gob.ar/eyc/wp-content/uploads/2026/06/EE_IS_MI_AN_M07.xlsx,2026-09-28
2021-04,2317,159,6.9,21312621975.29,,IDECBA sobre datos del Colegio de Escribanos,https://www.estadisticaciudad.gob.ar/eyc/wp-content/uploads/2026/06/EE_IS_MI_AN_M07.xlsx,2026-09-28
2021-05,1895,83,4.4,15614874794.96,,IDECBA sobre datos del Colegio de Escribanos,https://www.estadisticaciudad.gob.ar/eyc/wp-content/uploads/2026/06/EE_IS_MI_AN_M07.xlsx,2026-09-28
2021-06,2440,108,4.4,23236989040.82,,IDECBA sobre datos del Colegio de Escribanos,https://www.estadisticaciudad.gob.ar/eyc/wp-content/uploads/2026/06/EE_IS_MI_AN_M07.xlsx,2026-09-28
2021-07,2457,100,4.1,23401835950.86,,IDECBA sobre datos del Colegio de Escribanos,https://www.estadisticaciudad.gob.ar/eyc/wp-content/uploads/2026/06/EE_IS_MI_AN_M07.xlsx,2026-09-28
2021-08,2518,88,3.5,24839846732.84,,IDECBA sobre datos del Colegio de Escribanos,https://www.estadisticaciudad.gob.ar/eyc/wp-content/uploads/2026/06/EE_IS_MI_AN_M07.xlsx,2026-09-28
2021-09,2814,121,4.3,29791712442.0,,IDECBA sobre datos del Colegio de Escribanos,https://www.estadisticaciudad.gob.ar/eyc/wp-content/uploads/2026/06/EE_IS_MI_AN_M07.xlsx,2026-09-28
2021-10,2574,101,3.9,23627041829.0,,IDECBA sobre datos del Colegio de Escribanos,https://www.estadisticaciudad.gob.ar/eyc/wp-content/uploads/2026/06/EE_IS_MI_AN_M07.xlsx,2026-09-28
2021-11,2859,230,8.0,33109520451.0,,IDECBA sobre datos del Colegio de Escribanos,https://www.estadisticaciudad.gob.ar/eyc/wp-content/uploads/2026/06/EE_IS_MI_AN_M07.xlsx,2026-09-28
2021-12,3381,218,6.4,29812882127.0,,IDECBA sobre datos del Colegio de Escribanos,https://www.estadisticaciudad.gob.ar/eyc/wp-content/uploads/2026/06/EE_IS_MI_AN_M07.xlsx,2026-09-28
2022-01,1385,69,5.0,17102893217.95,,IDECBA sobre datos del Colegio de Escribanos,https://www.estadisticaciudad.gob.ar/eyc/wp-content/uploads/2026/06/EE_IS_MI_AN_M07.xlsx,2026-09-28
2022-02,1559,87,5.6,16425383631.0,,IDECBA sobre datos del Colegio de Escribanos,https://www.estadisticaciudad.gob.ar/eyc/wp-content/uploads/2026/06/EE_IS_MI_AN_M07.xlsx,2026-09-28
2022-03,2360,103,4.4,31651326688.0,,IDECBA sobre datos del Colegio de Escribanos,https://www.estadisticaciudad.gob.ar/eyc/wp-content/uploads/2026/06/EE_IS_MI_AN_M07.xlsx,2026-09-28
2022-04,2566,87,3.4,41888439439.0,,IDECBA sobre datos del Colegio de Escribanos,https://www.estadisticaciudad.gob.ar/eyc/wp-content/uploads/2026/06/EE_IS_MI_AN_M07.xlsx,2026-09-28
2022-05,2866,92,3.2,35955211157.49,,IDECBA sobre datos del Colegio de Escribanos,https://www.estadisticaciudad.gob.ar/eyc/wp-content/uploads/2026/06/EE_IS_MI_AN_M07.xlsx,2026-09-28
2022-06,3007,102,3.4,45302291148.11,,IDECBA sobre datos del Colegio de Escribanos,https://www.estadisticaciudad.gob.ar/eyc/wp-content/uploads/2026/06/EE_IS_MI_AN_M07.xlsx,2026-09-28
2022-07,3138,103,3.3,56015258695.74,,IDECBA sobre datos del Colegio de Escribanos,https://www.estadisticaciudad.gob.ar/eyc/wp-content/uploads/2026/06/EE_IS_MI_AN_M07.xlsx,2026-09-28
2022-08,3126,131,4.2,41731510344.79,,IDECBA sobre datos del Colegio de Escribanos,https://www.estadisticaciudad.gob.ar/eyc/wp-content/uploads/2026/06/EE_IS_MI_AN_M07.xlsx,2026-09-28
2022-09,3167,102,3.2,39600311091.7,,IDECBA sobre datos del Colegio de Escribanos,https://www.estadisticaciudad.gob.ar/eyc/wp-content/uploads/2026/06/EE_IS_MI_AN_M07.xlsx,2026-09-28
2022-10,2974,101,3.4,40544550059.68,,IDECBA sobre datos del Colegio de Escribanos,https://www.estadisticaciudad.gob.ar/eyc/wp-content/uploads/2026/06/EE_IS_MI_AN_M07.xlsx,2026-09-28
2022-11,3370,117,3.5,45324961567.65,,IDECBA sobre datos del Colegio de Escribanos,https://www.estadisticaciudad.gob.ar/eyc/wp-content/uploads/2026/06/EE_IS_MI_AN_M07.xlsx,2026-09-28
2022-12,4253,123,2.9,72175553932.35,,IDECBA sobre datos del Colegio de Escribanos,https://www.estadisticaciudad.gob.ar/eyc/wp-content/uploads/2026/06/EE_IS_MI_AN_M07.xlsx,2026-09-28
2023-01,1848,66,3.6,41527633843.91,,IDECBA sobre datos del Colegio de Escribanos,https://www.estadisticaciudad.gob.ar/eyc/wp-content/uploads/2026/06/EE_IS_MI_AN_M07.xlsx,2026-09-28
2023-02,1740,66,3.8,30983807704.82,,IDECBA sobre datos del Colegio de Escribanos,https://www.estadisticaciudad.gob.ar/eyc/wp-content/uploads/2026/06/EE_IS_MI_AN_M07.xlsx,2026-09-28
2023-03,2876,97,3.4,67262117195.07,,IDECBA sobre datos del Colegio de Escribanos,https://www.estadisticaciudad.gob.ar/eyc/wp-content/uploads/2026/06/EE_IS_MI_AN_M07.xlsx,2026-09-28
2023-04,2750,107,3.9,62687768932.73,,IDECBA sobre datos del Colegio de Escribanos,https://www.estadisticaciudad.gob.ar/eyc/wp-content/uploads/2026/06/EE_IS_MI_AN_M07.xlsx,2026-09-28
2023-05,3376,124,3.7,69303894396.98,,IDECBA sobre datos del Colegio de Escribanos,https://www.estadisticaciudad.gob.ar/eyc/wp-content/uploads/2026/06/EE_IS_MI_AN_M07.xlsx,2026-09-28
2023-06,3322,98,3.0,80423485703.69,,IDECBA sobre datos del Colegio de Escribanos,https://www.estadisticaciudad.gob.ar/eyc/wp-content/uploads/2026/06/EE_IS_MI_AN_M07.xlsx,2026-09-28
2023-07,3360,138,4.1,78069636269.38,,IDECBA sobre datos del Colegio de Escribanos,https://www.estadisticaciudad.gob.ar/eyc/wp-content/uploads/2026/06/EE_IS_MI_AN_M07.xlsx,2026-09-28
2023-08,4136,164,4.0,132973155103.89,,IDECBA sobre datos del Colegio de Escribanos,https://www.estadisticaciudad.gob.ar/eyc/wp-content/uploads/2026/06/EE_IS_MI_AN_M07.xlsx,2026-09-28
2023-09,3954,154,3.9,145661272208.78,,IDECBA sobre datos del Colegio de Escribanos,https://www.estadisticaciudad.gob.ar/eyc/wp-content/uploads/2026/06/EE_IS_MI_AN_M07.xlsx,2026-09-28
2023-10,4559,211,4.6,190817001420.9,,IDECBA sobre datos del Colegio de Escribanos,https://www.estadisticaciudad.gob.ar/eyc/wp-content/uploads/2026/06/EE_IS_MI_AN_M07.xlsx,2026-09-28
2023-11,4069,146,3.6,132254662558.65,,IDECBA sobre datos del Colegio de Escribanos,https://www.estadisticaciudad.gob.ar/eyc/wp-content/uploads/2026/06/EE_IS_MI_AN_M07.xlsx,2026-09-28
2023-12,4560,97,2.1,233571483044.8,,IDECBA sobre datos del Colegio de Escribanos,https://www.estadisticaciudad.gob.ar/eyc/wp-content/uploads/2026/06/EE_IS_MI_AN_M07.xlsx,2026-09-28
2024-01,1882,59,3.1,143030789018.21,,IDECBA sobre datos del Colegio de Escribanos,https://www.estadisticaciudad.gob.ar/eyc/wp-content/uploads/2026/06/EE_IS_MI_AN_M07.xlsx,2026-09-28
2024-02,2215,70,3.2,169732805260.97,,IDECBA sobre datos del Colegio de Escribanos,https://www.estadisticaciudad.gob.ar/eyc/wp-content/uploads/2026/06/EE_IS_MI_AN_M07.xlsx,2026-09-28
2024-03,3399,94,2.8,300725183622.48,,IDECBA sobre datos del Colegio de Escribanos,https://www.estadisticaciudad.gob.ar/eyc/wp-content/uploads/2026/06/EE_IS_MI_AN_M07.xlsx,2026-09-28
2024-04,3637,161,4.4,279268196510.94,,IDECBA sobre datos del Colegio de Escribanos,https://www.estadisticaciudad.gob.ar/eyc/wp-content/uploads/2026/06/EE_IS_MI_AN_M07.xlsx,2026-09-28
2024-05,4599,181,3.9,346515788976.62,,IDECBA sobre datos del Colegio de Escribanos,https://www.estadisticaciudad.gob.ar/eyc/wp-content/uploads/2026/06/EE_IS_MI_AN_M07.xlsx,2026-09-28
2024-06,4236,149,3.5,362142063685.87,,IDECBA sobre datos del Colegio de Escribanos,https://www.estadisticaciudad.gob.ar/eyc/wp-content/uploads/2026/06/EE_IS_MI_AN_M07.xlsx,2026-09-28
2024-07,4946,223,4.5,437194356336.36,,IDECBA sobre datos del Colegio de Escribanos,https://www.estadisticaciudad.gob.ar/eyc/wp-content/uploads/2026/06/EE_IS_MI_AN_M07.xlsx,2026-09-28
2024-08,5299,387,7.3,515138293916.27,,IDECBA sobre datos del Colegio de Escribanos,https://www.estadisticaciudad.gob.ar/eyc/wp-content/uploads/2026/06/EE_IS_MI_AN_M07.xlsx,2026-09-28
2024-09,5157,653,12.7,484693903154.4,,IDECBA sobre datos del Colegio de Escribanos,https://www.estadisticaciudad.gob.ar/eyc/wp-content/uploads/2026/06/EE_IS_MI_AN_M07.xlsx,2026-09-28
2024-10,5990,897,15.0,635739820579.32,,IDECBA sobre datos del Colegio de Escribanos,https://www.estadisticaciudad.gob.ar/eyc/wp-content/uploads/2026/06/EE_IS_MI_AN_M07.xlsx,2026-09-28
2024-11,5782,887,15.3,586718248263.58,,IDECBA sobre datos del Colegio de Escribanos,https://www.estadisticaciudad.gob.ar/eyc/wp-content/uploads/2026/06/EE_IS_MI_AN_M07.xlsx,2026-09-28
2024-12,7667,1055,13.8,819375338163.22,,IDECBA sobre datos del Colegio de Escribanos,https://www.estadisticaciudad.gob.ar/eyc/wp-content/uploads/2026/06/EE_IS_MI_AN_M07.xlsx,2026-09-28
2025-01,3646,893,24.5,433325146494.0,,IDECBA sobre datos del Colegio de Escribanos,https://www.estadisticaciudad.gob.ar/eyc/wp-content/uploads/2026/06/EE_IS_MI_AN_M07.xlsx,2026-09-28
2025-02,4295,943,22.0,540077297194.13,,IDECBA sobre datos del Colegio de Escribanos,https://www.estadisticaciudad.gob.ar/eyc/wp-content/uploads/2026/06/EE_IS_MI_AN_M07.xlsx,2026-09-28
2025-03,4748,937,19.7,618652471112.08,,IDECBA sobre datos del Colegio de Escribanos,https://www.estadisticaciudad.gob.ar/eyc/wp-content/uploads/2026/06/EE_IS_MI_AN_M07.xlsx,2026-09-28
2025-04,5471,1121,20.5,727050754247.44,,IDECBA sobre datos del Colegio de Escribanos,https://www.estadisticaciudad.gob.ar/eyc/wp-content/uploads/2026/06/EE_IS_MI_AN_M07.xlsx,2026-09-28
2025-05,5615,1209,21.5,783096716225.47,,IDECBA sobre datos del Colegio de Escribanos,https://www.estadisticaciudad.gob.ar/eyc/wp-content/uploads/2026/06/EE_IS_MI_AN_M07.xlsx,2026-09-28
2025-06,5763,1125,19.5,827700773518.0,,IDECBA sobre datos del Colegio de Escribanos,https://www.estadisticaciudad.gob.ar/eyc/wp-content/uploads/2026/06/EE_IS_MI_AN_M07.xlsx,2026-09-28
2025-07,6653,1319,19.8,977079494579.51,,IDECBA sobre datos del Colegio de Escribanos,https://www.estadisticaciudad.gob.ar/eyc/wp-content/uploads/2026/06/EE_IS_MI_AN_M07.xlsx,2026-09-28
2025-08,6372,1282,20.1,1048449599201.43,,IDECBA sobre datos del Colegio de Escribanos,https://www.estadisticaciudad.gob.ar/eyc/wp-content/uploads/2026/06/EE_IS_MI_AN_M07.xlsx,2026-09-28
2025-09,7006,1425,20.3,1150825821128.06,,IDECBA sobre datos del Colegio de Escribanos,https://www.estadisticaciudad.gob.ar/eyc/wp-content/uploads/2026/06/EE_IS_MI_AN_M07.xlsx,2026-09-28
2025-10,7022,1453,20.7,1176738739039.15,,IDECBA sobre datos del Colegio de Escribanos,https://www.estadisticaciudad.gob.ar/eyc/wp-content/uploads/2026/06/EE_IS_MI_AN_M07.xlsx,2026-09-28
2025-11,5252,707,13.5,886122932069.21,,IDECBA sobre datos del Colegio de Escribanos,https://www.estadisticaciudad.gob.ar/eyc/wp-content/uploads/2026/06/EE_IS_MI_AN_M07.xlsx,2026-09-28
2025-12,7647,874,11.4,1175322686744.54,,IDECBA sobre datos del Colegio de Escribanos,https://www.estadisticaciudad.gob.ar/eyc/wp-content/uploads/2026/06/EE_IS_MI_AN_M07.xlsx,2026-09-28
2026-07,6051,959,15.8,,116967.0,"Colegio de Escribanos, informe mensual",https://www.colegio-escribanos.org.ar/2026/08/24/cantidad-de-escrituras-de-compraventa-realizadas-en-julio-2026/,2026-09-28
2026-08,6055,1059,17.5,,119270.0,"Colegio de Escribanos, informe mensual",https://www.colegio-escribanos.org.ar/2026/09/22/cantidad-de-escrituras-de-compraventa-realizadas-en-agosto-2026/,2026-09-28
