ambientes,estado,trimestre,usd_m2,provisorio,fuente,fecha_descarga
1,usado,2017-T1,2566.7658141988645,False,IDECBA sobre avisos de Argenprop,2026-09-28
1,usado,2017-T2,2611.5560970894107,False,IDECBA sobre avisos de Argenprop,2026-09-28
1,usado,2017-T3,2726.412322436866,False,IDECBA sobre avisos de Argenprop,2026-09-28
1,usado,2017-T4,2837.358327310221,False,IDECBA sobre avisos de Argenprop,2026-09-28
1,usado,2018-T1,2997.7173091840828,False,IDECBA sobre avisos de Argenprop,2026-09-28
1,usado,2018-T2,2991.072260850275,False,IDECBA sobre avisos de Argenprop,2026-09-28
1,usado,2018-T3,3042.2766079501057,False,IDECBA sobre avisos de Argenprop,2026-09-28
1,usado,2018-T4,3040.698732832757,False,IDECBA sobre avisos de Argenprop,2026-09-28
1,usado,2019-T1,3073.1250602949194,False,IDECBA sobre avisos de Argenprop,2026-09-28
1,usado,2019-T2,3088.806739681958,False,IDECBA sobre avisos de Argenprop,2026-09-28
1,usado,2019-T3,3029.3729551589995,False,IDECBA sobre avisos de Argenprop,2026-09-28
1,usado,2019-T4,2965.71699588004,False,IDECBA sobre avisos de Argenprop,2026-09-28
1,usado,2020-T1,2914.0760570468283,False,IDECBA sobre avisos de Argenprop,2026-09-28
1,usado,2020-T2,2893.808639893654,False,IDECBA sobre avisos de Argenprop,2026-09-28
1,usado,2020-T3,2796.7490145089546,False,IDECBA sobre avisos de Argenprop,2026-09-28
1,usado,2020-T4,2713.8504121811675,False,IDECBA sobre avisos de Argenprop,2026-09-28
1,usado,2021-T1,2643.421513349692,False,IDECBA sobre avisos de Argenprop,2026-09-28
1,usado,2021-T2,2589.4952980498238,False,IDECBA sobre avisos de Argenprop,2026-09-28
1,usado,2021-T3,2503.2577227617467,False,IDECBA sobre avisos de Argenprop,2026-09-28
1,usado,2021-T4,2449.402690998487,False,IDECBA sobre avisos de Argenprop,2026-09-28
1,usado,2022-T1,2387.806629406873,False,IDECBA sobre avisos de Argenprop,2026-09-28
1,usado,2022-T2,2346.7770884157735,False,IDECBA sobre avisos de Argenprop,2026-09-28
1,usado,2022-T3,2297.3087848303035,False,IDECBA sobre avisos de Argenprop,2026-09-28
1,usado,2022-T4,2277.362525240907,False,IDECBA sobre avisos de Argenprop,2026-09-28
1,usado,2023-T1,2270.2828560355447,False,IDECBA sobre avisos de Argenprop,2026-09-28
1,usado,2023-T2,2251.7604505233553,False,IDECBA sobre avisos de Argenprop,2026-09-28
1,usado,2023-T3,2271.903286932416,False,IDECBA sobre avisos de Argenprop,2026-09-28
1,usado,2023-T4,2283.83693058443,False,IDECBA sobre avisos de Argenprop,2026-09-28
1,usado,2024-T1,2327.533598799026,False,IDECBA sobre avisos de Argenprop,2026-09-28
1,usado,2024-T2,2379.8120110645286,False,IDECBA sobre avisos de Argenprop,2026-09-28
1,usado,2024-T3,2451.512559581787,False,IDECBA sobre avisos de Argenprop,2026-09-28
1,usado,2024-T4,2473.5559865395976,False,IDECBA sobre avisos de Argenprop,2026-09-28
1,usado,2025-T1,2529.9226486214648,True,IDECBA sobre avisos de Argenprop,2026-09-28
1,usado,2025-T2,2536.6248134285515,True,IDECBA sobre avisos de Argenprop,2026-09-28
1,usado,2025-T3,2545.4901278762004,True,IDECBA sobre avisos de Argenprop,2026-09-28
1,usado,2025-T4,2536.9693280170063,True,IDECBA sobre avisos de Argenprop,2026-09-28
1,usado,2026-T1,2568.73925823268,True,IDECBA sobre avisos de Argenprop,2026-09-28
1,usado,2026-T2,2561.1081955993272,True,IDECBA sobre avisos de Argenprop,2026-09-28
1,estrenar,2017-T1,2665.17398007674,False,IDECBA sobre avisos de Argenprop,2026-09-28
1,estrenar,2017-T2,2719.0826687511053,False,IDECBA sobre avisos de Argenprop,2026-09-28
1,estrenar,2017-T3,2882.98726182567,False,IDECBA sobre avisos de Argenprop,2026-09-28
1,estrenar,2017-T4,3076.1334939120306,False,IDECBA sobre avisos de Argenprop,2026-09-28
1,estrenar,2018-T1,3128.2175123335574,False,IDECBA sobre avisos de Argenprop,2026-09-28
1,estrenar,2018-T2,3165.8202472268717,False,IDECBA sobre avisos de Argenprop,2026-09-28
1,estrenar,2018-T3,3177.1247937122853,False,IDECBA sobre avisos de Argenprop,2026-09-28
1,estrenar,2018-T4,3162.3186502928284,False,IDECBA sobre avisos de Argenprop,2026-09-28
1,estrenar,2019-T1,3126.7171234618054,False,IDECBA sobre avisos de Argenprop,2026-09-28
1,estrenar,2019-T2,3124.9160776800777,False,IDECBA sobre avisos de Argenprop,2026-09-28
1,estrenar,2019-T3,3141.0105358751352,False,IDECBA sobre avisos de Argenprop,2026-09-28
1,estrenar,2019-T4,3162.15931930418,False,IDECBA sobre avisos de Argenprop,2026-09-28
1,estrenar,2020-T1,3088.675426319517,False,IDECBA sobre avisos de Argenprop,2026-09-28
1,estrenar,2020-T2,3119.48686551205,False,IDECBA sobre avisos de Argenprop,2026-09-28
1,estrenar,2020-T3,2993.879840889174,False,IDECBA sobre avisos de Argenprop,2026-09-28
1,estrenar,2020-T4,2905.4676838016603,False,IDECBA sobre avisos de Argenprop,2026-09-28
1,estrenar,2021-T1,2853.4417738807974,False,IDECBA sobre avisos de Argenprop,2026-09-28
1,estrenar,2021-T2,2848.635101516732,False,IDECBA sobre avisos de Argenprop,2026-09-28
1,estrenar,2021-T3,2785.370594822357,False,IDECBA sobre avisos de Argenprop,2026-09-28
1,estrenar,2021-T4,2708.048953564934,False,IDECBA sobre avisos de Argenprop,2026-09-28
1,estrenar,2022-T1,2712.341224673185,False,IDECBA sobre avisos de Argenprop,2026-09-28
1,estrenar,2022-T2,2674.996526592892,False,IDECBA sobre avisos de Argenprop,2026-09-28
1,estrenar,2022-T3,2572.4884585830646,False,IDECBA sobre avisos de Argenprop,2026-09-28
1,estrenar,2022-T4,2506.095733673078,False,IDECBA sobre avisos de Argenprop,2026-09-28
1,estrenar,2023-T1,2517.5560538648633,False,IDECBA sobre avisos de Argenprop,2026-09-28
1,estrenar,2023-T2,2493.4962386314787,False,IDECBA sobre avisos de Argenprop,2026-09-28
1,estrenar,2023-T3,2449.086308955738,False,IDECBA sobre avisos de Argenprop,2026-09-28
1,estrenar,2023-T4,2485.925268840056,False,IDECBA sobre avisos de Argenprop,2026-09-28
1,estrenar,2024-T1,2562.523977827261,False,IDECBA sobre avisos de Argenprop,2026-09-28
1,estrenar,2024-T2,2629.4451097212755,False,IDECBA sobre avisos de Argenprop,2026-09-28
1,estrenar,2024-T3,2734.0395656796345,False,IDECBA sobre avisos de Argenprop,2026-09-28
1,estrenar,2024-T4,2785.6820781467777,False,IDECBA sobre avisos de Argenprop,2026-09-28
1,estrenar,2025-T1,2913.0955835171562,True,IDECBA sobre avisos de Argenprop,2026-09-28
1,estrenar,2025-T2,2936.278971885884,True,IDECBA sobre avisos de Argenprop,2026-09-28
1,estrenar,2025-T3,2992.227695934001,True,IDECBA sobre avisos de Argenprop,2026-09-28
1,estrenar,2025-T4,3031.923756872742,True,IDECBA sobre avisos de Argenprop,2026-09-28
1,estrenar,2026-T1,3081.0088810353805,True,IDECBA sobre avisos de Argenprop,2026-09-28
1,estrenar,2026-T2,3105.25968287032,True,IDECBA sobre avisos de Argenprop,2026-09-28
2,usado,2017-T1,2484.4032053866295,False,IDECBA sobre avisos de Argenprop,2026-09-28
2,usado,2017-T2,2517.7040348341084,False,IDECBA sobre avisos de Argenprop,2026-09-28
2,usado,2017-T3,2577.698834261053,False,IDECBA sobre avisos de Argenprop,2026-09-28
2,usado,2017-T4,2690.716627087678,False,IDECBA sobre avisos de Argenprop,2026-09-28
2,usado,2018-T1,2841.1016054234265,False,IDECBA sobre avisos de Argenprop,2026-09-28
2,usado,2018-T2,2866.754473892497,False,IDECBA sobre avisos de Argenprop,2026-09-28
2,usado,2018-T3,2873.0737487174406,False,IDECBA sobre avisos de Argenprop,2026-09-28
2,usado,2018-T4,2878.472935379287,False,IDECBA sobre avisos de Argenprop,2026-09-28
2,usado,2019-T1,2862.115170186512,False,IDECBA sobre avisos de Argenprop,2026-09-28
2,usado,2019-T2,2831.2702931111976,False,IDECBA sobre avisos de Argenprop,2026-09-28
2,usado,2019-T3,2782.554877250409,False,IDECBA sobre avisos de Argenprop,2026-09-28
2,usado,2019-T4,2750.4545944727906,False,IDECBA sobre avisos de Argenprop,2026-09-28
2,usado,2020-T1,2724.8852569760784,False,IDECBA sobre avisos de Argenprop,2026-09-28
2,usado,2020-T2,2695.53778795466,False,IDECBA sobre avisos de Argenprop,2026-09-28
2,usado,2020-T3,2644.45969834986,False,IDECBA sobre avisos de Argenprop,2026-09-28
2,usado,2020-T4,2593.252411109673,False,IDECBA sobre avisos de Argenprop,2026-09-28
2,usado,2021-T1,2530.64574728124,False,IDECBA sobre avisos de Argenprop,2026-09-28
2,usado,2021-T2,2482.118382180427,False,IDECBA sobre avisos de Argenprop,2026-09-28
2,usado,2021-T3,2405.072375342153,False,IDECBA sobre avisos de Argenprop,2026-09-28
2,usado,2021-T4,2330.1649809706582,False,IDECBA sobre avisos de Argenprop,2026-09-28
2,usado,2022-T1,2265.3284015978625,False,IDECBA sobre avisos de Argenprop,2026-09-28
2,usado,2022-T2,2221.032414417237,False,IDECBA sobre avisos de Argenprop,2026-09-28
2,usado,2022-T3,2169.864490879866,False,IDECBA sobre avisos de Argenprop,2026-09-28
2,usado,2022-T4,2124.864730079936,False,IDECBA sobre avisos de Argenprop,2026-09-28
2,usado,2023-T1,2124.9273969170154,False,IDECBA sobre avisos de Argenprop,2026-09-28
2,usado,2023-T2,2106.948281848136,False,IDECBA sobre avisos de Argenprop,2026-09-28
2,usado,2023-T3,2085.4666163166135,False,IDECBA sobre avisos de Argenprop,2026-09-28
2,usado,2023-T4,2095.9512947285116,False,IDECBA sobre avisos de Argenprop,2026-09-28
2,usado,2024-T1,2140.3963703157697,False,IDECBA sobre avisos de Argenprop,2026-09-28
2,usado,2024-T2,2194.345508388021,False,IDECBA sobre avisos de Argenprop,2026-09-28
2,usado,2024-T3,2238.6975980083225,False,IDECBA sobre avisos de Argenprop,2026-09-28
2,usado,2024-T4,2233.7016509704836,False,IDECBA sobre avisos de Argenprop,2026-09-28
2,usado,2025-T1,2304.123667281918,True,IDECBA sobre avisos de Argenprop,2026-09-28
2,usado,2025-T2,2309.8325734495734,True,IDECBA sobre avisos de Argenprop,2026-09-28
2,usado,2025-T3,2323.786621532194,True,IDECBA sobre avisos de Argenprop,2026-09-28
2,usado,2025-T4,2304.679292435744,True,IDECBA sobre avisos de Argenprop,2026-09-28
2,usado,2026-T1,2337.7232451007985,True,IDECBA sobre avisos de Argenprop,2026-09-28
2,usado,2026-T2,2343.165948211593,True,IDECBA sobre avisos de Argenprop,2026-09-28
2,estrenar,2017-T1,2787.204917724173,False,IDECBA sobre avisos de Argenprop,2026-09-28
2,estrenar,2017-T2,2853.7681665758755,False,IDECBA sobre avisos de Argenprop,2026-09-28
2,estrenar,2017-T3,2980.7922638806363,False,IDECBA sobre avisos de Argenprop,2026-09-28
2,estrenar,2017-T4,3178.1582557026572,False,IDECBA sobre avisos de Argenprop,2026-09-28
2,estrenar,2018-T1,3244.3444005248475,False,IDECBA sobre avisos de Argenprop,2026-09-28
2,estrenar,2018-T2,3251.281266248281,False,IDECBA sobre avisos de Argenprop,2026-09-28
2,estrenar,2018-T3,3246.499141321045,False,IDECBA sobre avisos de Argenprop,2026-09-28
2,estrenar,2018-T4,3225.4097618379883,False,IDECBA sobre avisos de Argenprop,2026-09-28
2,estrenar,2019-T1,3216.414463079188,False,IDECBA sobre avisos de Argenprop,2026-09-28
2,estrenar,2019-T2,3265.6134342541427,False,IDECBA sobre avisos de Argenprop,2026-09-28
2,estrenar,2019-T3,3280.2389016396646,False,IDECBA sobre avisos de Argenprop,2026-09-28
2,estrenar,2019-T4,3235.8321900055544,False,IDECBA sobre avisos de Argenprop,2026-09-28
2,estrenar,2020-T1,3179.438427951056,False,IDECBA sobre avisos de Argenprop,2026-09-28
2,estrenar,2020-T2,3180.172746165637,False,IDECBA sobre avisos de Argenprop,2026-09-28
2,estrenar,2020-T3,3054.2081206303656,False,IDECBA sobre avisos de Argenprop,2026-09-28
2,estrenar,2020-T4,3004.1423618551316,False,IDECBA sobre avisos de Argenprop,2026-09-28
2,estrenar,2021-T1,2947.609514668148,False,IDECBA sobre avisos de Argenprop,2026-09-28
2,estrenar,2021-T2,2915.173946382753,False,IDECBA sobre avisos de Argenprop,2026-09-28
2,estrenar,2021-T3,2862.9329295269295,False,IDECBA sobre avisos de Argenprop,2026-09-28
2,estrenar,2021-T4,2793.554297749266,False,IDECBA sobre avisos de Argenprop,2026-09-28
2,estrenar,2022-T1,2776.2889296832655,False,IDECBA sobre avisos de Argenprop,2026-09-28
2,estrenar,2022-T2,2764.1695289226436,False,IDECBA sobre avisos de Argenprop,2026-09-28
2,estrenar,2022-T3,2682.538798159343,False,IDECBA sobre avisos de Argenprop,2026-09-28
2,estrenar,2022-T4,2612.192162809157,False,IDECBA sobre avisos de Argenprop,2026-09-28
2,estrenar,2023-T1,2612.186378866695,False,IDECBA sobre avisos de Argenprop,2026-09-28
2,estrenar,2023-T2,2607.2282834553885,False,IDECBA sobre avisos de Argenprop,2026-09-28
2,estrenar,2023-T3,2584.176707842465,False,IDECBA sobre avisos de Argenprop,2026-09-28
2,estrenar,2023-T4,2620.422370932397,False,IDECBA sobre avisos de Argenprop,2026-09-28
2,estrenar,2024-T1,2682.763035278456,False,IDECBA sobre avisos de Argenprop,2026-09-28
2,estrenar,2024-T2,2765.9878202080336,False,IDECBA sobre avisos de Argenprop,2026-09-28
2,estrenar,2024-T3,2869.000307681919,False,IDECBA sobre avisos de Argenprop,2026-09-28
2,estrenar,2024-T4,2914.12501783116,False,IDECBA sobre avisos de Argenprop,2026-09-28
2,estrenar,2025-T1,3017.4427391956756,True,IDECBA sobre avisos de Argenprop,2026-09-28
2,estrenar,2025-T2,3100.7057686444296,True,IDECBA sobre avisos de Argenprop,2026-09-28
2,estrenar,2025-T3,3121.476219756856,True,IDECBA sobre avisos de Argenprop,2026-09-28
2,estrenar,2025-T4,3167.629879001343,True,IDECBA sobre avisos de Argenprop,2026-09-28
2,estrenar,2026-T1,3208.6233422516875,True,IDECBA sobre avisos de Argenprop,2026-09-28
2,estrenar,2026-T2,3215.48583285824,True,IDECBA sobre avisos de Argenprop,2026-09-28
3,usado,2017-T1,2402.3041644970594,False,IDECBA sobre avisos de Argenprop,2026-09-28
3,usado,2017-T2,2431.9246072258934,False,IDECBA sobre avisos de Argenprop,2026-09-28
3,usado,2017-T3,2508.211596301994,False,IDECBA sobre avisos de Argenprop,2026-09-28
3,usado,2017-T4,2606.4160730273384,False,IDECBA sobre avisos de Argenprop,2026-09-28
3,usado,2018-T1,2709.925903006921,False,IDECBA sobre avisos de Argenprop,2026-09-28
3,usado,2018-T2,2697.637498803144,False,IDECBA sobre avisos de Argenprop,2026-09-28
3,usado,2018-T3,2717.6241343673832,False,IDECBA sobre avisos de Argenprop,2026-09-28
3,usado,2018-T4,2727.72116887237,False,IDECBA sobre avisos de Argenprop,2026-09-28
3,usado,2019-T1,2756.15396854834,False,IDECBA sobre avisos de Argenprop,2026-09-28
3,usado,2019-T2,2717.630513205311,False,IDECBA sobre avisos de Argenprop,2026-09-28
3,usado,2019-T3,2673.329276518712,False,IDECBA sobre avisos de Argenprop,2026-09-28
3,usado,2019-T4,2642.869409443766,False,IDECBA sobre avisos de Argenprop,2026-09-28
3,usado,2020-T1,2617.6136805136075,False,IDECBA sobre avisos de Argenprop,2026-09-28
3,usado,2020-T2,2589.5591767664328,False,IDECBA sobre avisos de Argenprop,2026-09-28
3,usado,2020-T3,2555.4010932375404,False,IDECBA sobre avisos de Argenprop,2026-09-28
3,usado,2020-T4,2503.4066921719614,False,IDECBA sobre avisos de Argenprop,2026-09-28
3,usado,2021-T1,2463.2531127122943,False,IDECBA sobre avisos de Argenprop,2026-09-28
3,usado,2021-T2,2423.5836245042656,False,IDECBA sobre avisos de Argenprop,2026-09-28
3,usado,2021-T3,2348.479984841336,False,IDECBA sobre avisos de Argenprop,2026-09-28
3,usado,2021-T4,2280.4924643502777,False,IDECBA sobre avisos de Argenprop,2026-09-28
3,usado,2022-T1,2221.898765566902,False,IDECBA sobre avisos de Argenprop,2026-09-28
3,usado,2022-T2,2155.0511725241927,False,IDECBA sobre avisos de Argenprop,2026-09-28
3,usado,2022-T3,2110.5082108606516,False,IDECBA sobre avisos de Argenprop,2026-09-28
3,usado,2022-T4,2064.514713008534,False,IDECBA sobre avisos de Argenprop,2026-09-28
3,usado,2023-T1,2043.2952357040404,False,IDECBA sobre avisos de Argenprop,2026-09-28
3,usado,2023-T2,2014.0541876589225,False,IDECBA sobre avisos de Argenprop,2026-09-28
3,usado,2023-T3,1996.29068723258,False,IDECBA sobre avisos de Argenprop,2026-09-28
3,usado,2023-T4,1990.6441435608265,False,IDECBA sobre avisos de Argenprop,2026-09-28
3,usado,2024-T1,2009.0050726424543,False,IDECBA sobre avisos de Argenprop,2026-09-28
3,usado,2024-T2,2017.5036564704637,False,IDECBA sobre avisos de Argenprop,2026-09-28
3,usado,2024-T3,2063.387517991663,False,IDECBA sobre avisos de Argenprop,2026-09-28
3,usado,2024-T4,2071.63814318455,False,IDECBA sobre avisos de Argenprop,2026-09-28
3,usado,2025-T1,2134.6275042659804,True,IDECBA sobre avisos de Argenprop,2026-09-28
3,usado,2025-T2,2134.2755616040704,True,IDECBA sobre avisos de Argenprop,2026-09-28
3,usado,2025-T3,2145.7527288453575,True,IDECBA sobre avisos de Argenprop,2026-09-28
3,usado,2025-T4,2149.8047470536308,True,IDECBA sobre avisos de Argenprop,2026-09-28
3,usado,2026-T1,2152.978433153625,True,IDECBA sobre avisos de Argenprop,2026-09-28
3,usado,2026-T2,2159.690767524312,True,IDECBA sobre avisos de Argenprop,2026-09-28
3,estrenar,2017-T1,2855.833748356569,False,IDECBA sobre avisos de Argenprop,2026-09-28
3,estrenar,2017-T2,2926.36948055187,False,IDECBA sobre avisos de Argenprop,2026-09-28
3,estrenar,2017-T3,3253.9298279199024,False,IDECBA sobre avisos de Argenprop,2026-09-28
3,estrenar,2017-T4,3388.092071311908,False,IDECBA sobre avisos de Argenprop,2026-09-28
3,estrenar,2018-T1,3413.9963880346936,False,IDECBA sobre avisos de Argenprop,2026-09-28
3,estrenar,2018-T2,3383.7853715003434,False,IDECBA sobre avisos de Argenprop,2026-09-28
3,estrenar,2018-T3,3372.6503685690636,False,IDECBA sobre avisos de Argenprop,2026-09-28
3,estrenar,2018-T4,3355.531683626995,False,IDECBA sobre avisos de Argenprop,2026-09-28
3,estrenar,2019-T1,3287.818710149821,False,IDECBA sobre avisos de Argenprop,2026-09-28
3,estrenar,2019-T2,3365.456983346089,False,IDECBA sobre avisos de Argenprop,2026-09-28
3,estrenar,2019-T3,3377.044800826694,False,IDECBA sobre avisos de Argenprop,2026-09-28
3,estrenar,2019-T4,3278.522965236283,False,IDECBA sobre avisos de Argenprop,2026-09-28
3,estrenar,2020-T1,3272.8641379327382,False,IDECBA sobre avisos de Argenprop,2026-09-28
3,estrenar,2020-T2,3209.724393279997,False,IDECBA sobre avisos de Argenprop,2026-09-28
3,estrenar,2020-T3,3148.6303392063746,False,IDECBA sobre avisos de Argenprop,2026-09-28
3,estrenar,2020-T4,3070.8827297895004,False,IDECBA sobre avisos de Argenprop,2026-09-28
3,estrenar,2021-T1,3046.494573989739,False,IDECBA sobre avisos de Argenprop,2026-09-28
3,estrenar,2021-T2,3027.5501968846916,False,IDECBA sobre avisos de Argenprop,2026-09-28
3,estrenar,2021-T3,2927.419012380772,False,IDECBA sobre avisos de Argenprop,2026-09-28
3,estrenar,2021-T4,2925.31479178101,False,IDECBA sobre avisos de Argenprop,2026-09-28
3,estrenar,2022-T1,2870.3442047022068,False,IDECBA sobre avisos de Argenprop,2026-09-28
3,estrenar,2022-T2,2845.57952365493,False,IDECBA sobre avisos de Argenprop,2026-09-28
3,estrenar,2022-T3,2799.88014022628,False,IDECBA sobre avisos de Argenprop,2026-09-28
3,estrenar,2022-T4,2742.0995051752852,False,IDECBA sobre avisos de Argenprop,2026-09-28
3,estrenar,2023-T1,2760.050555117637,False,IDECBA sobre avisos de Argenprop,2026-09-28
3,estrenar,2023-T2,2714.7321222948785,False,IDECBA sobre avisos de Argenprop,2026-09-28
3,estrenar,2023-T3,2673.6789703001104,False,IDECBA sobre avisos de Argenprop,2026-09-28
3,estrenar,2023-T4,2733.6721324957457,False,IDECBA sobre avisos de Argenprop,2026-09-28
3,estrenar,2024-T1,2787.6872428509364,False,IDECBA sobre avisos de Argenprop,2026-09-28
3,estrenar,2024-T2,2863.0365515570747,False,IDECBA sobre avisos de Argenprop,2026-09-28
3,estrenar,2024-T3,2957.3748100652656,False,IDECBA sobre avisos de Argenprop,2026-09-28
3,estrenar,2024-T4,2957.8614111734005,False,IDECBA sobre avisos de Argenprop,2026-09-28
3,estrenar,2025-T1,3022.0678342441033,True,IDECBA sobre avisos de Argenprop,2026-09-28
3,estrenar,2025-T2,3124.7976435993987,True,IDECBA sobre avisos de Argenprop,2026-09-28
3,estrenar,2025-T3,3197.168123179359,True,IDECBA sobre avisos de Argenprop,2026-09-28
3,estrenar,2025-T4,3278.790380463325,True,IDECBA sobre avisos de Argenprop,2026-09-28
3,estrenar,2026-T1,3367.6429520350703,True,IDECBA sobre avisos de Argenprop,2026-09-28
3,estrenar,2026-T2,3348.5730315714263,True,IDECBA sobre avisos de Argenprop,2026-09-28
