trimestre,ambientes,dias,provisorio,fuente,fecha_descarga
2013-T4,Total,249.0,False,IDECBA sobre avisos de Argenprop,2026-09-30
2013-T4,1 ambiente,273.0,False,IDECBA sobre avisos de Argenprop,2026-09-30
2013-T4,2 ambientes,233.0,False,IDECBA sobre avisos de Argenprop,2026-09-30
2013-T4,3 ambientes,239.0,False,IDECBA sobre avisos de Argenprop,2026-09-30
2013-T4,4 ambientes,259.0,False,IDECBA sobre avisos de Argenprop,2026-09-30
2013-T4,5 ambientes y más,300.0,False,IDECBA sobre avisos de Argenprop,2026-09-30
2014-T1,Total,262.0,False,IDECBA sobre avisos de Argenprop,2026-09-30
2014-T1,1 ambiente,290.0,False,IDECBA sobre avisos de Argenprop,2026-09-30
2014-T1,2 ambientes,248.0,False,IDECBA sobre avisos de Argenprop,2026-09-30
2014-T1,3 ambientes,253.0,False,IDECBA sobre avisos de Argenprop,2026-09-30
2014-T1,4 ambientes,262.0,False,IDECBA sobre avisos de Argenprop,2026-09-30
2014-T1,5 ambientes y más,308.0,False,IDECBA sobre avisos de Argenprop,2026-09-30
2014-T2,Total,270.0,False,IDECBA sobre avisos de Argenprop,2026-09-30
2014-T2,1 ambiente,311.0,False,IDECBA sobre avisos de Argenprop,2026-09-30
2014-T2,2 ambientes,251.0,False,IDECBA sobre avisos de Argenprop,2026-09-30
2014-T2,3 ambientes,260.0,False,IDECBA sobre avisos de Argenprop,2026-09-30
2014-T2,4 ambientes,273.0,False,IDECBA sobre avisos de Argenprop,2026-09-30
2014-T2,5 ambientes y más,301.0,False,IDECBA sobre avisos de Argenprop,2026-09-30
2014-T3,Total,271.0,False,IDECBA sobre avisos de Argenprop,2026-09-30
2014-T3,1 ambiente,320.0,False,IDECBA sobre avisos de Argenprop,2026-09-30
2014-T3,2 ambientes,246.0,False,IDECBA sobre avisos de Argenprop,2026-09-30
2014-T3,3 ambientes,267.0,False,IDECBA sobre avisos de Argenprop,2026-09-30
2014-T3,4 ambientes,273.0,False,IDECBA sobre avisos de Argenprop,2026-09-30
2014-T3,5 ambientes y más,287.0,False,IDECBA sobre avisos de Argenprop,2026-09-30
2014-T4,Total,264.0,False,IDECBA sobre avisos de Argenprop,2026-09-30
2014-T4,1 ambiente,272.0,False,IDECBA sobre avisos de Argenprop,2026-09-30
2014-T4,2 ambientes,243.0,False,IDECBA sobre avisos de Argenprop,2026-09-30
2014-T4,3 ambientes,266.0,False,IDECBA sobre avisos de Argenprop,2026-09-30
2014-T4,4 ambientes,291.0,False,IDECBA sobre avisos de Argenprop,2026-09-30
2014-T4,5 ambientes y más,336.0,False,IDECBA sobre avisos de Argenprop,2026-09-30
2015-T1,Total,295.0,False,IDECBA sobre avisos de Argenprop,2026-09-30
2015-T1,1 ambiente,320.0,False,IDECBA sobre avisos de Argenprop,2026-09-30
2015-T1,2 ambientes,276.0,False,IDECBA sobre avisos de Argenprop,2026-09-30
2015-T1,3 ambientes,291.0,False,IDECBA sobre avisos de Argenprop,2026-09-30
2015-T1,4 ambientes,312.0,False,IDECBA sobre avisos de Argenprop,2026-09-30
2015-T1,5 ambientes y más,331.0,False,IDECBA sobre avisos de Argenprop,2026-09-30
2015-T2,Total,293.0,False,IDECBA sobre avisos de Argenprop,2026-09-30
2015-T2,1 ambiente,308.0,False,IDECBA sobre avisos de Argenprop,2026-09-30
2015-T2,2 ambientes,277.0,False,IDECBA sobre avisos de Argenprop,2026-09-30
2015-T2,3 ambientes,290.0,False,IDECBA sobre avisos de Argenprop,2026-09-30
2015-T2,4 ambientes,308.0,False,IDECBA sobre avisos de Argenprop,2026-09-30
2015-T2,5 ambientes y más,335.0,False,IDECBA sobre avisos de Argenprop,2026-09-30
2015-T3,Total,281.0,False,IDECBA sobre avisos de Argenprop,2026-09-30
2015-T3,1 ambiente,320.0,False,IDECBA sobre avisos de Argenprop,2026-09-30
2015-T3,2 ambientes,282.0,False,IDECBA sobre avisos de Argenprop,2026-09-30
2015-T3,3 ambientes,301.0,False,IDECBA sobre avisos de Argenprop,2026-09-30
2015-T3,4 ambientes,314.0,False,IDECBA sobre avisos de Argenprop,2026-09-30
2015-T3,5 ambientes y más,358.0,False,IDECBA sobre avisos de Argenprop,2026-09-30
2015-T4,Total,285.0,False,IDECBA sobre avisos de Argenprop,2026-09-30
2015-T4,1 ambiente,307.0,False,IDECBA sobre avisos de Argenprop,2026-09-30
2015-T4,2 ambientes,267.0,False,IDECBA sobre avisos de Argenprop,2026-09-30
2015-T4,3 ambientes,280.0,False,IDECBA sobre avisos de Argenprop,2026-09-30
2015-T4,4 ambientes,297.0,False,IDECBA sobre avisos de Argenprop,2026-09-30
2015-T4,5 ambientes y más,349.0,False,IDECBA sobre avisos de Argenprop,2026-09-30
2016-T1,Total,300.0,False,IDECBA sobre avisos de Argenprop,2026-09-30
2016-T1,1 ambiente,327.0,False,IDECBA sobre avisos de Argenprop,2026-09-30
2016-T1,2 ambientes,275.0,False,IDECBA sobre avisos de Argenprop,2026-09-30
2016-T1,3 ambientes,299.0,False,IDECBA sobre avisos de Argenprop,2026-09-30
2016-T1,4 ambientes,317.0,False,IDECBA sobre avisos de Argenprop,2026-09-30
2016-T1,5 ambientes y más,355.0,False,IDECBA sobre avisos de Argenprop,2026-09-30
2016-T2,Total,281.0,False,IDECBA sobre avisos de Argenprop,2026-09-30
2016-T2,1 ambiente,312.0,False,IDECBA sobre avisos de Argenprop,2026-09-30
2016-T2,2 ambientes,262.0,False,IDECBA sobre avisos de Argenprop,2026-09-30
2016-T2,3 ambientes,274.0,False,IDECBA sobre avisos de Argenprop,2026-09-30
2016-T2,4 ambientes,291.0,False,IDECBA sobre avisos de Argenprop,2026-09-30
2016-T2,5 ambientes y más,315.0,False,IDECBA sobre avisos de Argenprop,2026-09-30
2016-T3,Total,265.0,False,IDECBA sobre avisos de Argenprop,2026-09-30
2016-T3,1 ambiente,280.0,False,IDECBA sobre avisos de Argenprop,2026-09-30
2016-T3,2 ambientes,256.0,False,IDECBA sobre avisos de Argenprop,2026-09-30
2016-T3,3 ambientes,257.0,False,IDECBA sobre avisos de Argenprop,2026-09-30
2016-T3,4 ambientes,270.0,False,IDECBA sobre avisos de Argenprop,2026-09-30
2016-T3,5 ambientes y más,317.0,False,IDECBA sobre avisos de Argenprop,2026-09-30
2016-T4,Total,237.0,False,IDECBA sobre avisos de Argenprop,2026-09-30
2016-T4,1 ambiente,257.0,False,IDECBA sobre avisos de Argenprop,2026-09-30
2016-T4,2 ambientes,234.0,False,IDECBA sobre avisos de Argenprop,2026-09-30
2016-T4,3 ambientes,229.0,False,IDECBA sobre avisos de Argenprop,2026-09-30
2016-T4,4 ambientes,227.0,False,IDECBA sobre avisos de Argenprop,2026-09-30
2016-T4,5 ambientes y más,270.0,False,IDECBA sobre avisos de Argenprop,2026-09-30
2017-T1,Total,236.0,False,IDECBA sobre avisos de Argenprop,2026-09-30
2017-T1,1 ambiente,257.0,False,IDECBA sobre avisos de Argenprop,2026-09-30
2017-T1,2 ambientes,236.0,False,IDECBA sobre avisos de Argenprop,2026-09-30
2017-T1,3 ambientes,224.0,False,IDECBA sobre avisos de Argenprop,2026-09-30
2017-T1,4 ambientes,230.0,False,IDECBA sobre avisos de Argenprop,2026-09-30
2017-T1,5 ambientes y más,233.0,False,IDECBA sobre avisos de Argenprop,2026-09-30
2017-T2,Total,231.0,False,IDECBA sobre avisos de Argenprop,2026-09-30
2017-T2,1 ambiente,245.0,False,IDECBA sobre avisos de Argenprop,2026-09-30
2017-T2,2 ambientes,234.0,False,IDECBA sobre avisos de Argenprop,2026-09-30
2017-T2,3 ambientes,222.0,False,IDECBA sobre avisos de Argenprop,2026-09-30
2017-T2,4 ambientes,219.0,False,IDECBA sobre avisos de Argenprop,2026-09-30
2017-T2,5 ambientes y más,202.0,False,IDECBA sobre avisos de Argenprop,2026-09-30
2017-T3,Total,237.8,False,IDECBA sobre avisos de Argenprop,2026-09-30
2017-T3,1 ambiente,243.0,False,IDECBA sobre avisos de Argenprop,2026-09-30
2017-T3,2 ambientes,247.4,False,IDECBA sobre avisos de Argenprop,2026-09-30
2017-T3,3 ambientes,230.0,False,IDECBA sobre avisos de Argenprop,2026-09-30
2017-T3,4 ambientes,223.9,False,IDECBA sobre avisos de Argenprop,2026-09-30
2017-T3,5 ambientes y más,232.3,False,IDECBA sobre avisos de Argenprop,2026-09-30
2017-T4,Total,226.0,False,IDECBA sobre avisos de Argenprop,2026-09-30
2017-T4,1 ambiente,222.0,False,IDECBA sobre avisos de Argenprop,2026-09-30
2017-T4,2 ambientes,237.0,False,IDECBA sobre avisos de Argenprop,2026-09-30
2017-T4,3 ambientes,220.0,False,IDECBA sobre avisos de Argenprop,2026-09-30
2017-T4,4 ambientes,222.0,False,IDECBA sobre avisos de Argenprop,2026-09-30
2017-T4,5 ambientes y más,204.0,False,IDECBA sobre avisos de Argenprop,2026-09-30
2018-T1,Total,243.6,False,IDECBA sobre avisos de Argenprop,2026-09-30
2018-T1,1 ambiente,239.1,False,IDECBA sobre avisos de Argenprop,2026-09-30
2018-T1,2 ambientes,256.2,False,IDECBA sobre avisos de Argenprop,2026-09-30
2018-T1,3 ambientes,233.3,False,IDECBA sobre avisos de Argenprop,2026-09-30
2018-T1,4 ambientes,241.4,False,IDECBA sobre avisos de Argenprop,2026-09-30
2018-T1,5 ambientes y más,239.6,False,IDECBA sobre avisos de Argenprop,2026-09-30
2018-T2,Total,225.0,False,IDECBA sobre avisos de Argenprop,2026-09-30
2018-T2,1 ambiente,232.3,False,IDECBA sobre avisos de Argenprop,2026-09-30
2018-T2,2 ambientes,235.0,False,IDECBA sobre avisos de Argenprop,2026-09-30
2018-T2,3 ambientes,212.7,False,IDECBA sobre avisos de Argenprop,2026-09-30
2018-T2,4 ambientes,211.8,False,IDECBA sobre avisos de Argenprop,2026-09-30
2018-T2,5 ambientes y más,257.6,False,IDECBA sobre avisos de Argenprop,2026-09-30
2018-T3,Total,268.4,False,IDECBA sobre avisos de Argenprop,2026-09-30
2018-T3,1 ambiente,276.7,False,IDECBA sobre avisos de Argenprop,2026-09-30
2018-T3,2 ambientes,275.4,False,IDECBA sobre avisos de Argenprop,2026-09-30
2018-T3,3 ambientes,259.0,False,IDECBA sobre avisos de Argenprop,2026-09-30
2018-T3,4 ambientes,255.3,False,IDECBA sobre avisos de Argenprop,2026-09-30
2018-T3,5 ambientes y más,273.4,False,IDECBA sobre avisos de Argenprop,2026-09-30
2018-T4,Total,209.7,False,IDECBA sobre avisos de Argenprop,2026-09-30
2018-T4,1 ambiente,229.6,False,IDECBA sobre avisos de Argenprop,2026-09-30
2018-T4,2 ambientes,213.6,False,IDECBA sobre avisos de Argenprop,2026-09-30
2018-T4,3 ambientes,193.6,False,IDECBA sobre avisos de Argenprop,2026-09-30
2018-T4,4 ambientes,202.8,False,IDECBA sobre avisos de Argenprop,2026-09-30
2018-T4,5 ambientes y más,263.6,False,IDECBA sobre avisos de Argenprop,2026-09-30
2019-T1,Total,226.4,False,IDECBA sobre avisos de Argenprop,2026-09-30
2019-T1,1 ambiente,240.8,False,IDECBA sobre avisos de Argenprop,2026-09-30
2019-T1,2 ambientes,225.5,False,IDECBA sobre avisos de Argenprop,2026-09-30
2019-T1,3 ambientes,220.5,False,IDECBA sobre avisos de Argenprop,2026-09-30
2019-T1,4 ambientes,221.5,False,IDECBA sobre avisos de Argenprop,2026-09-30
2019-T1,5 ambientes y más,264.0,False,IDECBA sobre avisos de Argenprop,2026-09-30
2019-T2,Total,230.0,False,IDECBA sobre avisos de Argenprop,2026-09-30
2019-T2,1 ambiente,237.3,False,IDECBA sobre avisos de Argenprop,2026-09-30
2019-T2,2 ambientes,227.1,False,IDECBA sobre avisos de Argenprop,2026-09-30
2019-T2,3 ambientes,229.3,False,IDECBA sobre avisos de Argenprop,2026-09-30
2019-T2,4 ambientes,226.9,False,IDECBA sobre avisos de Argenprop,2026-09-30
2019-T2,5 ambientes y más,250.8,False,IDECBA sobre avisos de Argenprop,2026-09-30
2019-T3,Total,243.8,False,IDECBA sobre avisos de Argenprop,2026-09-30
2019-T3,1 ambiente,240.8,False,IDECBA sobre avisos de Argenprop,2026-09-30
2019-T3,2 ambientes,240.7,False,IDECBA sobre avisos de Argenprop,2026-09-30
2019-T3,3 ambientes,247.2,False,IDECBA sobre avisos de Argenprop,2026-09-30
2019-T3,4 ambientes,245.4,False,IDECBA sobre avisos de Argenprop,2026-09-30
2019-T3,5 ambientes y más,256.4,False,IDECBA sobre avisos de Argenprop,2026-09-30
2019-T4,Total,253.4,False,IDECBA sobre avisos de Argenprop,2026-09-30
2019-T4,1 ambiente,254.1,False,IDECBA sobre avisos de Argenprop,2026-09-30
2019-T4,2 ambientes,249.9,False,IDECBA sobre avisos de Argenprop,2026-09-30
2019-T4,3 ambientes,253.9,False,IDECBA sobre avisos de Argenprop,2026-09-30
2019-T4,4 ambientes,256.8,False,IDECBA sobre avisos de Argenprop,2026-09-30
2019-T4,5 ambientes y más,264.4,False,IDECBA sobre avisos de Argenprop,2026-09-30
2020-T1,Total,251.1,False,IDECBA sobre avisos de Argenprop,2026-09-30
2020-T1,1 ambiente,251.9,False,IDECBA sobre avisos de Argenprop,2026-09-30
2020-T1,2 ambientes,247.0,False,IDECBA sobre avisos de Argenprop,2026-09-30
2020-T1,3 ambientes,250.3,False,IDECBA sobre avisos de Argenprop,2026-09-30
2020-T1,4 ambientes,256.4,False,IDECBA sobre avisos de Argenprop,2026-09-30
2020-T1,5 ambientes y más,269.1,False,IDECBA sobre avisos de Argenprop,2026-09-30
2020-T2,Total,280.5,False,IDECBA sobre avisos de Argenprop,2026-09-30
2020-T2,1 ambiente,278.5,False,IDECBA sobre avisos de Argenprop,2026-09-30
2020-T2,2 ambientes,270.7,False,IDECBA sobre avisos de Argenprop,2026-09-30
2020-T2,3 ambientes,280.9,False,IDECBA sobre avisos de Argenprop,2026-09-30
2020-T2,4 ambientes,292.9,False,IDECBA sobre avisos de Argenprop,2026-09-30
2020-T2,5 ambientes y más,316.3,False,IDECBA sobre avisos de Argenprop,2026-09-30
2020-T3,Total,290.7,False,IDECBA sobre avisos de Argenprop,2026-09-30
2020-T3,1 ambiente,289.5,False,IDECBA sobre avisos de Argenprop,2026-09-30
2020-T3,2 ambientes,281.6,False,IDECBA sobre avisos de Argenprop,2026-09-30
2020-T3,3 ambientes,291.7,False,IDECBA sobre avisos de Argenprop,2026-09-30
2020-T3,4 ambientes,303.5,False,IDECBA sobre avisos de Argenprop,2026-09-30
2020-T3,5 ambientes y más,322.2,False,IDECBA sobre avisos de Argenprop,2026-09-30
2020-T4,Total,269.8,False,IDECBA sobre avisos de Argenprop,2026-09-30
2020-T4,1 ambiente,254.1,False,IDECBA sobre avisos de Argenprop,2026-09-30
2020-T4,2 ambientes,263.5,False,IDECBA sobre avisos de Argenprop,2026-09-30
2020-T4,3 ambientes,274.4,False,IDECBA sobre avisos de Argenprop,2026-09-30
2020-T4,4 ambientes,282.2,False,IDECBA sobre avisos de Argenprop,2026-09-30
2020-T4,5 ambientes y más,314.0,False,IDECBA sobre avisos de Argenprop,2026-09-30
2021-T1,Total,275.4,False,IDECBA sobre avisos de Argenprop,2026-09-30
2021-T1,1 ambiente,271.7,False,IDECBA sobre avisos de Argenprop,2026-09-30
2021-T1,2 ambientes,271.1,False,IDECBA sobre avisos de Argenprop,2026-09-30
2021-T1,3 ambientes,277.3,False,IDECBA sobre avisos de Argenprop,2026-09-30
2021-T1,4 ambientes,285.5,False,IDECBA sobre avisos de Argenprop,2026-09-30
2021-T1,5 ambientes y más,274.6,False,IDECBA sobre avisos de Argenprop,2026-09-30
2021-T2,Total,270.6,False,IDECBA sobre avisos de Argenprop,2026-09-30
2021-T2,1 ambiente,272.1,False,IDECBA sobre avisos de Argenprop,2026-09-30
2021-T2,2 ambientes,264.6,False,IDECBA sobre avisos de Argenprop,2026-09-30
2021-T2,3 ambientes,272.9,False,IDECBA sobre avisos de Argenprop,2026-09-30
2021-T2,4 ambientes,273.9,False,IDECBA sobre avisos de Argenprop,2026-09-30
2021-T2,5 ambientes y más,293.0,False,IDECBA sobre avisos de Argenprop,2026-09-30
2021-T3,Total,277.1,False,IDECBA sobre avisos de Argenprop,2026-09-30
2021-T3,1 ambiente,288.5,False,IDECBA sobre avisos de Argenprop,2026-09-30
2021-T3,2 ambientes,277.1,False,IDECBA sobre avisos de Argenprop,2026-09-30
2021-T3,3 ambientes,275.4,False,IDECBA sobre avisos de Argenprop,2026-09-30
2021-T3,4 ambientes,265.2,False,IDECBA sobre avisos de Argenprop,2026-09-30
2021-T3,5 ambientes y más,277.8,False,IDECBA sobre avisos de Argenprop,2026-09-30
2021-T4,Total,297.4,False,IDECBA sobre avisos de Argenprop,2026-09-30
2021-T4,1 ambiente,305.3,False,IDECBA sobre avisos de Argenprop,2026-09-30
2021-T4,2 ambientes,297.5,False,IDECBA sobre avisos de Argenprop,2026-09-30
2021-T4,3 ambientes,295.8,False,IDECBA sobre avisos de Argenprop,2026-09-30
2021-T4,4 ambientes,288.8,False,IDECBA sobre avisos de Argenprop,2026-09-30
2021-T4,5 ambientes y más,315.9,False,IDECBA sobre avisos de Argenprop,2026-09-30
2022-T1,Total,324.1,False,IDECBA sobre avisos de Argenprop,2026-09-30
2022-T1,1 ambiente,335.1,False,IDECBA sobre avisos de Argenprop,2026-09-30
2022-T1,2 ambientes,320.7,False,IDECBA sobre avisos de Argenprop,2026-09-30
2022-T1,3 ambientes,321.0,False,IDECBA sobre avisos de Argenprop,2026-09-30
2022-T1,4 ambientes,322.4,False,IDECBA sobre avisos de Argenprop,2026-09-30
2022-T1,5 ambientes y más,345.6,False,IDECBA sobre avisos de Argenprop,2026-09-30
2022-T2,Total,327.1,False,IDECBA sobre avisos de Argenprop,2026-09-30
2022-T2,1 ambiente,343.7,False,IDECBA sobre avisos de Argenprop,2026-09-30
2022-T2,2 ambientes,325.6,False,IDECBA sobre avisos de Argenprop,2026-09-30
2022-T2,3 ambientes,321.1,False,IDECBA sobre avisos de Argenprop,2026-09-30
2022-T2,4 ambientes,321.5,False,IDECBA sobre avisos de Argenprop,2026-09-30
2022-T2,5 ambientes y más,346.5,False,IDECBA sobre avisos de Argenprop,2026-09-30
2022-T3,Total,347.7,False,IDECBA sobre avisos de Argenprop,2026-09-30
2022-T3,1 ambiente,355.1,False,IDECBA sobre avisos de Argenprop,2026-09-30
2022-T3,2 ambientes,350.7,False,IDECBA sobre avisos de Argenprop,2026-09-30
2022-T3,3 ambientes,343.7,False,IDECBA sobre avisos de Argenprop,2026-09-30
2022-T3,4 ambientes,340.2,False,IDECBA sobre avisos de Argenprop,2026-09-30
2022-T3,5 ambientes y más,358.6,False,IDECBA sobre avisos de Argenprop,2026-09-30
2022-T4,Total,347.8,False,IDECBA sobre avisos de Argenprop,2026-09-30
2022-T4,1 ambiente,359.6,False,IDECBA sobre avisos de Argenprop,2026-09-30
2022-T4,2 ambientes,354.9,False,IDECBA sobre avisos de Argenprop,2026-09-30
2022-T4,3 ambientes,341.2,False,IDECBA sobre avisos de Argenprop,2026-09-30
2022-T4,4 ambientes,331.3,False,IDECBA sobre avisos de Argenprop,2026-09-30
2022-T4,5 ambientes y más,371.3,False,IDECBA sobre avisos de Argenprop,2026-09-30
2023-T1,Total,378.3,False,IDECBA sobre avisos de Argenprop,2026-09-30
2023-T1,1 ambiente,392.6,False,IDECBA sobre avisos de Argenprop,2026-09-30
2023-T1,2 ambientes,386.1,False,IDECBA sobre avisos de Argenprop,2026-09-30
2023-T1,3 ambientes,371.8,False,IDECBA sobre avisos de Argenprop,2026-09-30
2023-T1,4 ambientes,356.3,False,IDECBA sobre avisos de Argenprop,2026-09-30
2023-T1,5 ambientes y más,410.2,False,IDECBA sobre avisos de Argenprop,2026-09-30
2023-T2,Total,376.6,False,IDECBA sobre avisos de Argenprop,2026-09-30
2023-T2,1 ambiente,394.1,False,IDECBA sobre avisos de Argenprop,2026-09-30
2023-T2,2 ambientes,390.4,False,IDECBA sobre avisos de Argenprop,2026-09-30
2023-T2,3 ambientes,366.9,False,IDECBA sobre avisos de Argenprop,2026-09-30
2023-T2,4 ambientes,347.6,False,IDECBA sobre avisos de Argenprop,2026-09-30
2023-T2,5 ambientes y más,395.9,False,IDECBA sobre avisos de Argenprop,2026-09-30
2023-T3,Total,384.8,False,IDECBA sobre avisos de Argenprop,2026-09-30
2023-T3,1 ambiente,405.2,False,IDECBA sobre avisos de Argenprop,2026-09-30
2023-T3,2 ambientes,398.5,False,IDECBA sobre avisos de Argenprop,2026-09-30
2023-T3,3 ambientes,370.8,False,IDECBA sobre avisos de Argenprop,2026-09-30
2023-T3,4 ambientes,356.3,False,IDECBA sobre avisos de Argenprop,2026-09-30
2023-T3,5 ambientes y más,416.9,False,IDECBA sobre avisos de Argenprop,2026-09-30
2023-T4,Total,399.3,False,IDECBA sobre avisos de Argenprop,2026-09-30
2023-T4,1 ambiente,405.6,False,IDECBA sobre avisos de Argenprop,2026-09-30
2023-T4,2 ambientes,418.6,False,IDECBA sobre avisos de Argenprop,2026-09-30
2023-T4,3 ambientes,390.4,False,IDECBA sobre avisos de Argenprop,2026-09-30
2023-T4,4 ambientes,369.9,False,IDECBA sobre avisos de Argenprop,2026-09-30
2023-T4,5 ambientes y más,414.5,False,IDECBA sobre avisos de Argenprop,2026-09-30
2024-T1,Total,424.7,False,IDECBA sobre avisos de Argenprop,2026-09-30
2024-T1,1 ambiente,428.7,False,IDECBA sobre avisos de Argenprop,2026-09-30
2024-T1,2 ambientes,440.7,False,IDECBA sobre avisos de Argenprop,2026-09-30
2024-T1,3 ambientes,417.8,False,IDECBA sobre avisos de Argenprop,2026-09-30
2024-T1,4 ambientes,398.0,False,IDECBA sobre avisos de Argenprop,2026-09-30
2024-T1,5 ambientes y más,453.2,False,IDECBA sobre avisos de Argenprop,2026-09-30
2024-T2,Total,413.0,False,IDECBA sobre avisos de Argenprop,2026-09-30
2024-T2,1 ambiente,419.3,False,IDECBA sobre avisos de Argenprop,2026-09-30
2024-T2,2 ambientes,429.1,False,IDECBA sobre avisos de Argenprop,2026-09-30
2024-T2,3 ambientes,407.5,False,IDECBA sobre avisos de Argenprop,2026-09-30
2024-T2,4 ambientes,384.6,False,IDECBA sobre avisos de Argenprop,2026-09-30
2024-T2,5 ambientes y más,430.1,False,IDECBA sobre avisos de Argenprop,2026-09-30
2024-T3,Total,405.4,False,IDECBA sobre avisos de Argenprop,2026-09-30
2024-T3,1 ambiente,393.1,False,IDECBA sobre avisos de Argenprop,2026-09-30
2024-T3,2 ambientes,411.1,False,IDECBA sobre avisos de Argenprop,2026-09-30
2024-T3,3 ambientes,410.9,False,IDECBA sobre avisos de Argenprop,2026-09-30
2024-T3,4 ambientes,390.4,False,IDECBA sobre avisos de Argenprop,2026-09-30
2024-T3,5 ambientes y más,455.4,False,IDECBA sobre avisos de Argenprop,2026-09-30
2024-T4,Total,369.4,False,IDECBA sobre avisos de Argenprop,2026-09-30
2024-T4,1 ambiente,343.1,False,IDECBA sobre avisos de Argenprop,2026-09-30
2024-T4,2 ambientes,370.1,False,IDECBA sobre avisos de Argenprop,2026-09-30
2024-T4,3 ambientes,383.4,False,IDECBA sobre avisos de Argenprop,2026-09-30
2024-T4,4 ambientes,367.3,False,IDECBA sobre avisos de Argenprop,2026-09-30
2024-T4,5 ambientes y más,421.4,False,IDECBA sobre avisos de Argenprop,2026-09-30
2025-T1,Total,354.5,False,IDECBA sobre avisos de Argenprop,2026-09-30
2025-T1,1 ambiente,320.9,False,IDECBA sobre avisos de Argenprop,2026-09-30
2025-T1,2 ambientes,368.0,False,IDECBA sobre avisos de Argenprop,2026-09-30
2025-T1,3 ambientes,364.6,False,IDECBA sobre avisos de Argenprop,2026-09-30
2025-T1,4 ambientes,350.6,False,IDECBA sobre avisos de Argenprop,2026-09-30
2025-T1,5 ambientes y más,404.8,False,IDECBA sobre avisos de Argenprop,2026-09-30
2025-T2,Total,312.5,False,IDECBA sobre avisos de Argenprop,2026-09-30
2025-T2,1 ambiente,297.1,False,IDECBA sobre avisos de Argenprop,2026-09-30
2025-T2,2 ambientes,313.3,False,IDECBA sobre avisos de Argenprop,2026-09-30
2025-T2,3 ambientes,322.3,False,IDECBA sobre avisos de Argenprop,2026-09-30
2025-T2,4 ambientes,305.0,False,IDECBA sobre avisos de Argenprop,2026-09-30
2025-T2,5 ambientes y más,367.4,False,IDECBA sobre avisos de Argenprop,2026-09-30
2025-T3,Total,282.9,True,IDECBA sobre avisos de Argenprop,2026-09-30
2025-T3,1 ambiente,272.9,True,IDECBA sobre avisos de Argenprop,2026-09-30
2025-T3,2 ambientes,289.3,True,IDECBA sobre avisos de Argenprop,2026-09-30
2025-T3,3 ambientes,287.2,True,IDECBA sobre avisos de Argenprop,2026-09-30
2025-T3,4 ambientes,268.7,True,IDECBA sobre avisos de Argenprop,2026-09-30
2025-T3,5 ambientes y más,335.8,True,IDECBA sobre avisos de Argenprop,2026-09-30
2025-T4,Total,263.3,True,IDECBA sobre avisos de Argenprop,2026-09-30
2025-T4,1 ambiente,256.1,True,IDECBA sobre avisos de Argenprop,2026-09-30
2025-T4,2 ambientes,269.4,True,IDECBA sobre avisos de Argenprop,2026-09-30
2025-T4,3 ambientes,261.8,True,IDECBA sobre avisos de Argenprop,2026-09-30
2025-T4,4 ambientes,255.5,True,IDECBA sobre avisos de Argenprop,2026-09-30
2025-T4,5 ambientes y más,315.8,True,IDECBA sobre avisos de Argenprop,2026-09-30
2026-T1,Total,275.9,True,IDECBA sobre avisos de Argenprop,2026-09-30
2026-T1,1 ambiente,264.8,True,IDECBA sobre avisos de Argenprop,2026-09-30
2026-T1,2 ambientes,281.2,True,IDECBA sobre avisos de Argenprop,2026-09-30
2026-T1,3 ambientes,277.0,True,IDECBA sobre avisos de Argenprop,2026-09-30
2026-T1,4 ambientes,269.9,True,IDECBA sobre avisos de Argenprop,2026-09-30
2026-T1,5 ambientes y más,341.7,True,IDECBA sobre avisos de Argenprop,2026-09-30
2026-T2,Total,298.0,True,IDECBA sobre avisos de Argenprop,2026-09-30
2026-T2,1 ambiente,296.8,True,IDECBA sobre avisos de Argenprop,2026-09-30
2026-T2,2 ambientes,302.8,True,IDECBA sobre avisos de Argenprop,2026-09-30
2026-T2,3 ambientes,295.5,True,IDECBA sobre avisos de Argenprop,2026-09-30
2026-T2,4 ambientes,286.5,True,IDECBA sobre avisos de Argenprop,2026-09-30
2026-T2,5 ambientes y más,348.6,True,IDECBA sobre avisos de Argenprop,2026-09-30
