vacancia_pct,gastos_pct,factor_neto,neta_mediana,neta_p25,neta_p75,pct_prop_sobre_piso,barrios_sobre_piso,spearman_ranking_vs_base,top5_igual
4.0,8.0,0.8832,6.19,5.28,7.34,29.0,10,1.0,True
4.0,10.0,0.864,6.06,5.17,7.18,26.3,7,1.0,True
4.0,12.0,0.8448,5.92,5.05,7.02,23.6,2,1.0,True
4.0,14.0,0.8256,5.79,4.94,6.86,21.1,1,1.0,True
4.0,16.0,0.8064,5.65,4.82,6.7,18.7,1,1.0,True
6.0,8.0,0.8648,6.06,5.17,7.19,26.5,7,1.0,True
6.0,10.0,0.846,5.93,5.06,7.03,23.8,2,1.0,True
6.0,12.0,0.8272,5.8,4.95,6.87,21.4,1,1.0,True
6.0,14.0,0.8084,5.67,4.83,6.72,19.0,1,1.0,True
6.0,16.0,0.7896,5.54,4.72,6.56,17.0,1,1.0,True
8.0,8.0,0.8464,5.93,5.06,7.03,23.8,2,1.0,True
8.0,10.0,0.828,5.8,4.95,6.88,21.5,1,1.0,True
8.0,12.0,0.8096,5.68,4.84,6.73,19.1,1,1.0,True
8.0,14.0,0.7912,5.55,4.73,6.57,17.1,1,1.0,True
8.0,16.0,0.7728,5.42,4.62,6.42,15.2,1,1.0,True
10.0,8.0,0.828,5.8,4.95,6.88,21.5,1,1.0,True
10.0,10.0,0.81,5.68,4.84,6.73,19.3,1,1.0,True
10.0,12.0,0.792,5.55,4.74,6.58,17.2,1,1.0,True
10.0,14.0,0.774,5.43,4.63,6.43,15.3,1,1.0,True
10.0,16.0,0.756,5.3,4.52,6.28,13.6,1,1.0,True
12.0,8.0,0.8096,5.68,4.84,6.73,19.1,1,1.0,True
12.0,10.0,0.792,5.55,4.74,6.58,17.2,1,1.0,True
12.0,12.0,0.7744,5.43,4.63,6.44,15.3,1,1.0,True
12.0,14.0,0.7568,5.31,4.53,6.29,13.7,1,1.0,True
12.0,16.0,0.7392,5.18,4.42,6.14,12.0,1,1.0,True
