barrio,ambientes,estado,n_remax,remax_media,remax_mediana,idecba_media,desvio_pct
almagro,1,estrenar,22,2270.49,2192.02,2771.72,-18.08
almagro,1,usado,64,2210.54,2253.04,2437.01,-9.29
almagro,2,estrenar,17,2380.92,2446.81,2991.75,-20.42
almagro,2,usado,125,2014.4,1942.86,2116.86,-4.84
almagro,3,estrenar,11,2392.79,2478.05,2927.21,-18.26
almagro,3,usado,147,1902.2,1850.37,2028.25,-6.21
balvanera,1,usado,87,1917.49,1950.0,2023.31,-5.23
balvanera,2,usado,135,1616.94,1552.37,1695.7,-4.64
balvanera,3,usado,153,1496.67,1452.73,1590.38,-5.89
barracas,2,usado,34,1758.1,1713.6,1969.13,-10.72
barracas,3,usado,29,1781.0,1661.63,1818.22,-2.05
belgrano,1,estrenar,17,3222.72,3209.88,3605.77,-10.62
belgrano,1,usado,68,2975.54,2974.27,3270.12,-9.01
belgrano,2,estrenar,19,3160.27,3280.99,4038.85,-21.75
belgrano,2,usado,120,2693.81,2664.67,2958.49,-8.95
belgrano,3,estrenar,13,3214.0,3238.81,3995.09,-19.55
belgrano,3,usado,150,2577.9,2451.8,2797.32,-7.84
boedo,1,usado,24,1889.74,1956.16,2173.29,-13.05
boedo,2,usado,46,1793.22,1782.49,1972.43,-9.09
boedo,3,usado,38,1769.56,1736.3,1771.77,-0.12
caballito,1,estrenar,14,2422.33,2468.86,2857.72,-15.24
caballito,1,usado,69,2281.75,2260.85,2432.02,-6.18
caballito,2,estrenar,15,2629.05,2343.36,3208.2,-18.05
caballito,2,usado,198,2217.2,2100.87,2316.67,-4.29
caballito,3,estrenar,14,2989.4,2964.08,3250.58,-8.03
caballito,3,usado,217,2129.47,2029.41,2181.01,-2.36
chacarita,1,usado,18,2352.57,2252.78,2827.5,-16.8
chacarita,3,usado,20,2369.17,2485.6,2204.89,7.45
coghlan,1,usado,13,2345.59,2293.58,2761.2,-15.05
coghlan,2,usado,18,2327.31,2387.9,2871.06,-18.94
coghlan,3,usado,15,2222.44,2136.75,2744.19,-19.01
colegiales,1,usado,23,2691.61,2621.13,3115.83,-13.61
colegiales,2,usado,42,2733.83,2668.81,2778.72,-1.62
colegiales,3,usado,52,2443.01,2384.24,2685.85,-9.04
constitucion,1,usado,16,1616.13,1503.4,1985.69,-18.61
constitucion,2,usado,29,1194.79,1199.8,1528.21,-21.82
constitucion,3,usado,34,1116.36,1099.74,1283.51,-13.02
flores,1,usado,27,2081.69,2002.23,2189.54,-4.93
flores,2,usado,101,1753.86,1704.55,1973.67,-11.14
flores,3,usado,112,1774.69,1680.18,1723.25,2.98
floresta,1,usado,14,1692.05,1703.42,1933.04,-12.47
floresta,2,usado,21,1587.57,1520.62,1639.19,-3.15
floresta,3,usado,29,1492.63,1480.77,1676.04,-10.94
la boca,3,usado,16,1410.83,1396.73,1343.43,5.02
la paternal,2,usado,13,1804.34,1550.0,2071.38,-12.89
la paternal,3,usado,11,1830.55,1714.29,1874.69,-2.35
liniers,2,usado,31,1744.75,1704.55,1883.28,-7.36
liniers,3,usado,26,1560.13,1445.46,1689.4,-7.65
mataderos,1,usado,12,1795.6,1827.26,2089.22,-14.05
mataderos,3,usado,22,1778.77,1876.56,1715.12,3.71
monserrat,1,estrenar,24,2652.67,2754.86,3274.17,-18.98
monserrat,1,usado,53,2076.42,2027.03,2249.35,-7.69
monserrat,2,usado,51,1659.5,1585.37,1786.68,-7.12
monserrat,3,usado,61,1534.36,1413.27,1613.91,-4.93
monte castro,1,usado,10,1915.03,1946.45,2176.44,-12.01
monte castro,2,estrenar,11,2146.48,2041.6,2567.2,-16.39
monte castro,2,usado,19,1924.06,1891.36,2226.23,-13.57
monte castro,3,usado,25,1839.0,1735.93,2034.7,-9.62
nueva pompeya,3,usado,11,1224.06,1203.29,1341.97,-8.79
nunez,1,estrenar,24,2807.97,2801.32,3491.08,-19.57
nunez,1,usado,40,2758.74,2755.88,3098.41,-10.96
nunez,2,estrenar,25,3038.98,2900.0,3808.94,-20.21
nunez,2,usado,89,2960.77,2909.53,3266.45,-9.36
nunez,3,estrenar,15,3023.23,2727.27,3745.52,-19.28
nunez,3,usado,66,2768.29,2792.94,2908.94,-4.84
palermo,1,estrenar,49,3415.07,3472.22,3884.71,-12.09
palermo,1,usado,201,2878.02,2850.94,3172.23,-9.27
palermo,2,estrenar,47,3378.94,3349.7,4005.37,-15.64
palermo,2,usado,266,2828.98,2772.37,3118.04,-9.27
palermo,3,estrenar,27,3517.07,3444.62,4173.83,-15.74
palermo,3,usado,237,2656.88,2509.43,2855.31,-6.95
parque avellaneda,3,usado,13,1398.46,1271.19,1472.66,-5.04
parque chacabuco,1,usado,11,2079.97,2035.71,2409.64,-13.68
parque chacabuco,2,usado,37,1992.19,1870.49,2292.86,-13.11
parque chacabuco,3,usado,50,1847.13,1729.55,2062.49,-10.44
parque chas,1,usado,22,2163.47,2207.86,2476.94,-12.66
parque chas,2,usado,13,2230.1,2331.0,2603.75,-14.35
parque patricios,2,usado,15,1543.45,1519.49,1713.13,-9.9
parque patricios,3,usado,19,1475.98,1398.72,1573.83,-6.22
recoleta,1,estrenar,10,3145.68,3044.95,3734.75,-15.77
recoleta,1,usado,82,2592.9,2486.99,2890.06,-10.28
recoleta,2,usado,124,2451.95,2369.69,2679.57,-8.49
recoleta,3,usado,141,2337.84,2314.81,2615.53,-10.62
retiro,1,usado,37,2229.79,2173.91,2363.03,-5.64
retiro,2,usado,45,2184.65,2069.78,2259.49,-3.31
retiro,3,usado,30,2076.38,1981.14,2457.59,-15.51
saavedra,1,usado,38,2445.04,2359.94,2719.0,-10.08
saavedra,2,estrenar,21,2904.54,3112.27,3386.77,-14.24
saavedra,2,usado,44,2557.38,2499.0,2888.23,-11.46
saavedra,3,estrenar,10,3103.08,3122.86,3138.75,-1.14
saavedra,3,usado,39,2486.19,2531.13,2760.28,-9.93
san cristobal,1,usado,45,1980.0,1974.36,2059.91,-3.88
san cristobal,2,usado,52,1636.81,1570.02,1803.34,-9.23
san cristobal,3,usado,58,1633.57,1540.86,1643.52,-0.61
san nicolas,1,usado,56,2001.79,1997.22,1950.28,2.64
san nicolas,2,usado,53,1757.04,1675.0,1777.31,-1.14
san nicolas,3,usado,52,1521.23,1397.58,1674.11,-9.13
san telmo,1,usado,37,2170.06,2043.48,2227.09,-2.56
san telmo,2,usado,51,1973.8,1895.83,1854.41,6.44
san telmo,3,usado,38,1695.83,1563.81,1751.27,-3.17
velez sarsfield,2,usado,16,1667.26,1566.82,1800.19,-7.38
villa crespo,1,estrenar,34,2544.92,2607.0,3040.66,-16.3
villa crespo,1,usado,44,2295.55,2331.32,2623.63,-12.5
villa crespo,2,estrenar,38,2633.85,2733.69,3061.76,-13.98
villa crespo,2,usado,95,2129.23,2085.93,2413.47,-11.78
villa crespo,3,usado,72,2090.03,1967.36,2172.03,-3.78
villa del parque,1,usado,29,2214.45,2130.39,2549.35,-13.14
villa del parque,2,usado,51,2093.48,2062.3,2310.19,-9.38
villa del parque,3,usado,62,2025.06,2011.48,2163.62,-6.4
villa devoto,1,usado,20,2277.22,2345.94,2558.53,-10.99
villa devoto,2,estrenar,11,2778.71,2735.85,2942.18,-5.56
villa devoto,2,usado,69,2163.73,2125.0,2351.74,-7.99
villa devoto,3,estrenar,19,2670.18,2743.79,3276.14,-18.5
villa devoto,3,usado,48,2316.79,2261.32,2447.38,-5.34
villa gral. mitre,2,usado,23,1797.94,1818.18,2010.66,-10.58
villa gral. mitre,3,usado,35,1650.73,1666.67,1861.41,-11.32
villa lugano,3,usado,50,967.89,898.17,974.11,-0.64
villa luro,1,usado,13,1918.77,1924.79,2264.23,-15.26
villa luro,2,usado,21,1811.43,1760.56,2134.97,-15.15
villa luro,3,usado,26,2047.58,1761.28,1923.34,6.46
villa ortuzar,1,usado,12,2383.14,2397.72,2519.28,-5.4
villa ortuzar,2,estrenar,26,3139.09,3148.11,3110.69,0.91
villa ortuzar,2,usado,32,2784.18,2538.55,2826.14,-1.48
villa pueyrredon,1,usado,12,2291.26,2185.46,2541.75,-9.86
villa pueyrredon,2,usado,12,2147.48,2173.2,2594.01,-17.21
villa pueyrredon,3,usado,17,1870.23,1896.91,2366.2,-20.96
villa santa rita,1,usado,10,1991.74,1901.28,2106.99,-5.47
villa santa rita,2,usado,19,2015.87,1958.82,2164.15,-6.85
villa santa rita,3,usado,19,1947.03,1892.63,2126.62,-8.45
villa urquiza,1,estrenar,14,2602.9,2545.21,3182.35,-18.21
villa urquiza,1,usado,47,2471.74,2546.73,2776.45,-10.98
villa urquiza,2,estrenar,25,2389.32,2368.83,3256.19,-26.62
villa urquiza,2,usado,105,2521.03,2500.0,2775.05,-9.15
villa urquiza,3,estrenar,12,2591.21,2551.54,3307.06,-21.65
villa urquiza,3,usado,98,2377.65,2312.32,2683.55,-11.4
