comuna,departamentos,pct_departamentos_ciudad,pct_cartera_venta,pct_cartera_alquiler,indice_venta,indice_alquiler
1,80674,7.87,10.04,10.47,1.28,1.33
2,80171,7.82,6.47,8.22,0.83,1.05
3,76741,7.48,7.77,5.35,1.04,0.72
4,49814,4.86,2.73,2.64,0.56,0.54
5,76327,7.44,6.9,5.5,0.93,0.74
6,81963,7.99,8.67,8.68,1.09,1.09
7,60820,5.93,5.59,4.11,0.94,0.69
8,27856,2.72,1.27,0.31,0.47,0.11
9,29285,2.86,1.94,0.93,0.68,0.33
10,40273,3.93,3.44,3.18,0.88,0.81
11,52699,5.14,6.28,4.42,1.22,0.86
12,73538,7.17,7.59,7.91,1.06,1.1
13,112534,10.98,11.85,13.1,1.08,1.19
14,117637,11.47,11.92,19.22,1.04,1.68
15,64964,6.34,7.54,5.97,1.19,0.94
