barrio,dormitorios_grupo,n_ventas,venta_mediana_usd,alquiler_est_mediano_usd,expensas_mediana_usd,n_activos,adr_mediana_ars,ocupacion_mediana_pct,noches_mediana,ingreso_anual_mediano_ars,adr_mediana_usd,ingreso_anual_mediano_usd,tc_ars_usd,snapshot,fecha_descarga,trad_neta_usd,trad_neta_pct,fijos_usd,temp_bruto_usd,temp_neta_usd,temp_neta_pct,temp_neta_ref_pct,temp_neta_auto_pct,ocupacion_equilibrio_pct,ocupacion_equilibrio_auto_pct,gana_temporal_base,gana_temporal_ref,fecha
almagro,0-1,228,79000.0,469.5,67.0,457,85205.0,16.4,60.0,4643984.0,56.8,3096.0,1500,2026-06-29,2026-09-28,4558.219,5.77,3193.536,3400.048,-1262.649,-1.598,3.856,-0.944,65.84,51.931,False,False,2026-09-28
almagro,2,159,129000.0,715.25,111.333,95,118579.3,16.4,60.0,6751548.0,79.1,4501.0,1500,2026-06-29,2026-09-28,6944.124,5.383,4125.536,4734.926,-1436.572,-1.114,3.538,-0.555,67.514,53.252,False,False,2026-09-28
balvanera,0-1,235,64900.0,441.47,83.333,408,81356.8,13.2,48.0,4063881.0,54.2,2709.0,1500,2026-06-29,2026-09-28,4286.085,6.604,3389.536,2611.356,-1906.547,-2.938,3.952,-2.326,68.32,53.888,False,False,2026-09-28
balvanera,2,163,94000.0,651.1,118.667,93,116652.0,14.8,54.0,6065940.0,77.8,4044.0,1500,2026-06-29,2026-09-28,6321.313,6.725,4213.536,4202.756,-1826.791,-1.943,4.61,-1.263,65.326,51.526,False,False,2026-09-28
balvanera,3+,85,139000.0,976.69,156.667,37,202838.5,14.8,54.0,15234462.0,135.2,10156.0,1500,2026-06-29,2026-09-28,9482.357,6.822,5069.536,7303.504,-921.876,-0.663,7.039,0.136,51.925,40.956,False,True,2026-09-28
barracas,0-1,57,85000.0,526.76,58.0,91,95680.0,19.7,72.0,7062768.0,63.8,4709.0,1500,2026-06-29,2026-09-28,5114.137,6.017,3085.536,4587.539,-480.273,-0.565,4.616,0.256,62.003,48.905,False,False,2026-09-28
barracas,2,31,139000.0,790.61,131.333,21,146505.5,21.4,78.0,7032264.0,97.7,4688.0,1500,2026-06-29,2026-09-28,7675.769,5.522,4365.536,7631.347,-31.694,-0.023,4.581,0.812,59.459,46.898,False,False,2026-09-28
belgrano,0-1,224,123500.0,590.38,93.0,659,102456.1,18.1,66.0,6667289.5,68.3,4445.0,1500,2026-06-29,2026-09-28,5731.802,4.641,3505.536,4512.24,-943.035,-0.764,3.237,-0.208,65.247,51.464,False,False,2026-09-28
belgrano,2,166,187500.0,955.06,166.424,143,156582.3,14.8,54.0,10462553.0,104.4,6975.0,1500,2026-06-29,2026-09-28,9272.359,4.945,4786.628,5639.688,-1583.849,-0.845,3.564,-0.387,64.966,51.242,False,False,2026-09-28
belgrano,3+,153,320000.0,1659.67,273.333,49,232602.1,17.5,64.0,17678264.0,155.1,11786.0,1500,2026-06-29,2026-09-28,16113.182,5.035,6469.536,9907.012,-843.344,-0.264,3.303,0.207,70.242,55.404,False,False,2026-09-28
caballito,0-1,298,88000.0,517.38,86.667,192,84057.8,19.7,72.0,5963263.0,56.0,3976.0,1500,2026-06-29,2026-09-28,5023.07,5.708,3429.536,4026.68,-1142.784,-1.299,3.094,-0.603,72.818,57.435,False,False,2026-09-28
caballito,2,229,150000.0,799.96,140.0,37,118990.0,13.2,48.0,5564512.0,79.3,3710.0,1500,2026-06-29,2026-09-28,7766.545,5.178,4469.536,3820.674,-2299.775,-1.533,2.828,-1.146,74.44,58.714,False,False,2026-09-28
chacarita,0-1,58,99500.0,549.97,80.0,210,91087.8,18.1,66.0,6572028.0,60.7,4381.0,1500,2026-06-29,2026-09-28,5339.475,5.366,3349.536,4010.146,-1072.174,-1.078,3.336,-0.465,69.058,54.47,False,False,2026-09-28
chacarita,2,22,146000.0,845.67,131.0,38,149777.8,11.5,42.0,7151642.0,99.9,4768.0,1500,2026-06-29,2026-09-28,8210.328,5.624,4361.536,4193.302,-1980.16,-1.356,4.53,-0.919,60.711,47.886,False,False,2026-09-28
coghlan,0-1,46,117500.0,599.705,0.0,40,78832.3,15.6,57.0,4766604.0,52.6,3178.0,1500,2026-06-29,2026-09-28,5822.336,4.955,2389.54,2995.044,-688.655,-0.586,2.884,-0.198,75.317,59.406,False,False,2026-09-28
colegiales,0-1,75,120000.0,625.06,60.0,258,104762.8,17.5,64.0,7055950.5,69.8,4704.0,1500,2026-06-29,2026-09-28,6068.499,5.057,3109.536,4458.475,-577.568,-0.481,3.799,0.084,63.435,50.034,False,False,2026-09-28
colegiales,2,56,173500.0,895.375,133.333,74,152172.0,11.5,42.0,8731005.0,101.4,5821.0,1500,2026-06-29,2026-09-28,8692.897,5.01,4389.536,4256.265,-1972.403,-1.137,3.891,-0.764,62.242,49.094,False,False,2026-09-28
constitucion,0-1,49,50000.0,414.09,60.0,167,84519.0,13.2,48.0,4009680.0,56.3,2673.0,1500,2026-06-29,2026-09-28,4020.262,8.041,3109.536,2712.534,-1569.088,-3.138,6.151,-2.313,61.095,48.189,False,False,2026-09-28
flores,0-1,136,73500.0,463.99,75.608,66,82148.5,12.3,45.0,3603633.0,54.8,2402.0,1500,2026-06-29,2026-09-28,4504.724,6.129,3296.828,2460.246,-1899.654,-2.585,3.705,-2.075,68.681,54.172,False,False,2026-09-28
monserrat,0-1,139,70000.0,470.67,73.333,601,84708.0,18.1,66.0,5842755.0,56.5,3895.0,1500,2026-06-29,2026-09-28,4569.578,6.528,3269.536,3732.673,-1149.751,-1.643,4.197,-0.831,66.935,52.795,False,False,2026-09-28
monserrat,2,58,102450.0,696.82,114.7,109,133797.6,29.6,108.0,12494358.0,89.2,8330.0,1500,2026-06-29,2026-09-28,6765.193,6.603,4165.936,9637.168,1307.012,1.276,5.499,2.707,59.12,46.631,False,False,2026-09-28
monserrat,3+,38,144950.0,1134.39,166.667,33,214272.5,29.6,108.0,22095173.0,142.8,14730.0,1500,2026-06-29,2026-09-28,11013.414,7.598,5189.536,15428.112,3572.089,2.464,7.243,4.083,54.74,43.176,False,False,2026-09-28
nunez,0-1,179,125000.0,661.39,0.001,238,101723.7,18.6,68.0,7092074.0,67.8,4728.0,1500,2026-06-29,2026-09-28,6421.215,5.137,2389.544,4602.942,224.467,0.18,4.047,0.74,62.693,49.449,False,False,2026-09-28
nunez,2,80,220500.0,1157.67,94.667,55,152246.4,19.2,70.0,11954460.0,101.5,7970.0,1500,2026-06-29,2026-09-28,11239.432,5.097,3925.536,7113.12,114.005,0.052,3.277,0.542,72.079,56.853,False,False,2026-09-28
palermo,0-1,564,125000.0,609.275,93.333,4464,104268.8,23.0,84.0,8859312.0,69.5,5906.0,1500,2026-06-29,2026-09-28,5915.248,4.732,3509.536,5834.525,-196.109,-0.157,3.301,0.553,65.422,51.601,False,False,2026-09-28
palermo,2,268,189000.0,944.025,146.667,998,175643.9,24.7,90.0,15105405.0,117.1,10070.0,1500,2026-06-29,2026-09-28,9165.224,4.849,4549.536,10557.15,1445.87,0.765,4.4,1.615,56.502,44.566,False,False,2026-09-28
palermo,3+,200,310000.0,1667.865,266.667,335,321749.3,24.7,90.0,27128399.0,214.5,18086.0,1500,2026-06-29,2026-09-28,16192.745,5.223,6389.536,19338.248,4592.655,1.482,5.54,2.43,50.79,40.06,False,True,2026-09-28
parque chacabuco,0-1,54,88487.5,536.77,84.167,26,70315.7,17.3,63.0,4648865.0,46.9,3099.0,1500,2026-06-29,2026-09-28,5211.321,5.889,3399.536,2961.5,-1717.7,-1.941,1.981,-1.432,88.575,69.863,False,False,2026-09-28
recoleta,0-1,220,96450.0,526.125,100.0,1820,100893.0,19.7,72.0,7451246.0,67.3,4967.0,1500,2026-06-29,2026-09-28,5107.972,5.296,3589.536,4839.206,-841.351,-0.872,3.944,-0.109,62.347,49.176,False,False,2026-09-28
recoleta,2,155,172000.0,843.05,170.0,487,161008.7,21.4,78.0,12054665.0,107.3,8036.0,1500,2026-06-29,2026-09-28,8184.891,4.759,4829.536,8381.203,-69.851,-0.041,4.046,0.701,58.514,46.153,False,False,2026-09-28
recoleta,3+,185,295000.0,1601.5,310.8,201,236514.3,21.4,78.0,19368171.0,157.7,12912.0,1500,2026-06-29,2026-09-28,15548.429,5.271,6919.136,12317.947,76.226,0.026,3.527,0.661,68.732,54.212,False,False,2026-09-28
retiro,0-1,82,70450.0,419.175,103.687,602,88409.8,19.2,70.0,6477368.0,58.9,4318.0,1500,2026-06-29,2026-09-28,4069.63,5.777,3633.784,4127.712,-1289.657,-1.831,4.027,-0.939,63.096,49.767,False,False,2026-09-28
retiro,2,35,149500.0,714.71,186.667,164,146263.5,23.0,84.0,12805490.0,97.5,8537.0,1500,2026-06-29,2026-09-28,6938.881,4.641,5029.536,8185.125,-381.204,-0.255,3.801,0.578,59.22,46.71,False,False,2026-09-28
retiro,3+,32,272000.0,1180.31,308.333,68,234533.8,21.4,78.0,19776390.0,156.4,13184.0,1500,2026-06-29,2026-09-28,11459.236,4.213,6889.536,12216.404,48.16,0.018,3.784,0.701,56.599,44.642,False,False,2026-09-28
saavedra,0-1,112,115750.0,600.475,33.333,74,84685.5,17.8,65.0,5188976.0,56.5,3459.0,1500,2026-06-29,2026-09-28,5829.811,5.037,2789.536,3670.805,-704.886,-0.609,2.953,-0.127,73.597,58.05,False,False,2026-09-28
san cristobal,0-1,106,68000.0,443.23,80.0,69,78199.5,13.2,48.0,3753059.0,52.1,2502.0,1500,2026-06-29,2026-09-28,4303.172,6.328,3349.536,2510.178,-1924.006,-2.829,3.491,-2.268,70.862,55.892,False,False,2026-09-28
san nicolas,0-1,114,64999.5,413.0,85.533,1028,85443.2,26.3,96.0,7754376.0,57.0,5170.0,1500,2026-06-29,2026-09-28,4009.679,6.169,3415.936,5471.715,-308.549,-0.475,4.379,0.806,62.848,49.572,False,False,2026-09-28
san nicolas,2,54,105000.0,710.2,131.333,289,140910.0,26.3,96.0,12767602.5,93.9,8512.0,1500,2026-06-29,2026-09-28,6895.095,6.567,4365.536,9013.93,753.475,0.718,5.667,2.023,57.854,45.632,False,False,2026-09-28
san nicolas,3+,55,157000.0,1200.03,200.0,106,236259.8,23.0,84.0,23238052.5,157.5,15492.0,1500,2026-06-29,2026-09-28,11650.691,7.421,5589.536,13222.125,1919.309,1.222,7.461,2.503,52.808,41.652,False,True,2026-09-28
san telmo,0-1,96,79000.0,555.69,78.333,335,91904.1,23.0,84.0,7311888.0,61.3,4875.0,1500,2026-06-29,2026-09-28,5395.009,6.829,3329.536,5146.135,-407.046,-0.515,4.31,0.476,68.662,54.157,False,False,2026-09-28
san telmo,2,36,99550.0,746.98,104.667,91,115505.7,19.2,70.0,7960050.0,77.0,5307.0,1500,2026-06-29,2026-09-28,7252.18,7.285,4045.536,5396.16,-981.057,-0.985,4.434,-0.161,70.784,55.831,False,False,2026-09-28
villa crespo,0-1,208,98000.0,552.12,49.629,434,91379.5,19.7,72.0,6029037.0,60.9,4019.0,1500,2026-06-29,2026-09-28,5360.349,5.47,2985.084,4379.014,-498.242,-0.508,3.781,0.171,66.11,52.144,False,False,2026-09-28
villa crespo,2,76,128500.0,751.515,127.648,93,139224.0,32.9,120.0,17212500.0,92.8,11475.0,1500,2026-06-29,2026-09-28,7296.208,5.678,4321.308,11143.888,2007.306,1.562,4.571,2.881,60.395,47.637,False,False,2026-09-28
villa del parque,0-1,89,88000.0,515.9,66.667,46,86353.0,13.2,48.0,4692580.5,57.6,3128.0,1500,2026-06-29,2026-09-28,5008.701,5.692,3189.536,2775.168,-1613.518,-1.834,3.566,-1.354,68.665,54.159,False,False,2026-09-28
villa devoto,0-1,102,105000.0,626.215,55.333,40,85840.9,20.5,75.0,6898241.0,57.2,4599.0,1500,2026-06-29,2026-09-28,6079.712,5.79,3053.536,4279.99,-622.93,-0.593,3.077,0.027,77.031,60.758,False,False,2026-09-28
villa urquiza,0-1,194,115000.0,593.64,66.667,141,93484.0,18.1,66.0,6150114.0,62.3,4100.0,1500,2026-06-29,2026-09-28,5763.453,5.012,3189.536,4115.85,-852.145,-0.741,3.178,-0.197,69.329,54.683,False,False,2026-09-28
villa urquiza,2,107,179000.0,917.11,112.311,23,129592.0,14.8,54.0,6511254.0,86.4,4341.0,1500,2026-06-29,2026-09-28,8903.915,4.974,4137.272,4667.328,-1486.696,-0.831,2.991,-0.434,72.818,57.435,False,False,2026-09-28
